"Ano de Exercício","Programa - Código","ProjetoAtividade - Código","FonteRecurso - Código","UnidadeOrçam - Código","Valor Despesa Liquidada"
"2024","705","7004","500010","10021","0"
"2024","734","2077","500010","10051","9228064,17"
"2024","746","4445","500010","10021","271568441,08"
"2024","746","2009","500010","10021","558"
"2024","38","4095","753027","10191","10369289,73"
"2024","705","7004","500010","10091","0"
"2024","705","2500","500010","10101","1684650,88"
"2024","33","2004","500010","10191","0"
"2024","45","1015","500010","10191","0"
"2024","45","4083","501015","10191","80511303,29"
"2024","133","1078","500010","10221","94139,78"
"2024","114","4419","500010","10231","0"
"2024","114","4398","500010","10231","91929,81"
"2024","137","4365","703068","10251","9267,31"
"2024","137","4373","501060","10251","0"
"2024","137","4374","752083","10251","635,26"
"2024","136","2059","500010","10251","53248223,95"
"2024","133","1075","500010","10221","96999,14"
"2024","162","2085","540023","10261","1517368434,99"
"2024","162","2094","500010","10261","87249,22"
"2024","102","4332","500010","10271","530003,65"
"2024","27","4045","753072","10371","1014923,25"
"2024","172","4546","553036","10261","0"
"2024","85","4345","500010","10301","0"
"2024","99","1036","700024","10301","0"
"2024","705","2500","753072","20241","6616686,59"
"2024","27","4047","753029","10371","0"
"2024","726","1099","500010","10441","0"
"2024","29","4052","501060","20251","179235,33"
"2024","154","4459","500010","20261","5859298,48"
"2024","19","4035","500010","20271","97082846,23"
"2024","19","4036","500010","20271","174719043,23"
"2024","19","4036","899095","20271","59200"
"2024","81","4272","752083","20301","0"
"2024","81","4275","753091","20301","0"
"2024","7","4002","500010","20311","0"
"2024","705","7004","501060","20321","0"
"2024","12","4024","700073","20331","6745345,82"
"2024","705","7004","700073","20331","0"
"2024","26","4087","500010","20351","0"
"2024","121","4316","500010","30151","0"
"2024","121","4297","501060","30151","0"
"2024","97","4236","702067","30041","0"
"2024","706","2109","760077","40031","0"
"2024","61","4131","500010","40291","2325604,34"
"2024","85","4213","500010","40631","0"
"2024","85","4214","500010","40631","0"
"2024","62","4136","600092","40291","0"
"2024","62","4137","600062","40291","0"
"2024","63","4147","600092","40291","212131,62"
"2024","69","4166","500010","10481","51649,45"
"2024","41","4072","753072","20091","0"
"2024","31","4055","753026","20101","3270734,08"
"2024","40","4070","749045","20091","0"
"2024","705","7663","500010","10911","361323066,06"
"2024","11","4007","500010","10631","396829,07"
"2024","705","2500","749009","20101","0"
"2024","141","4438","500010","10451","0"
"2024","109","2041","500010","10491","841934,47"
"2024","705","7734","500010","10915","0"
"2024","705","7541","500010","10915","0"
"2024","146","4443","605057","10451","17377,65"
"2024","124","4325","761071","20421","63352,97"
"2024","160","4485","500010","10501","2924146,88"
"2024","705","7752","799061","10915","0"
"2024","705","7759","500010","10915","0"
"2024","705","7003","500010","10916","0"
"2024","705","2017","501060","20121","0"
"2024","134","4378","700001","10451","0"
"2024","115","2042","500010","10491","1843954,43"
"2024","86","4415","500010","10481","0"
"2024","6","4008","605057","20121","34013,63"
"2024","705","2500","500010","20071","1807414,9"
"2024","22","4513","703068","20071","4853,94"
"2024","22","4362","500010","20071","2583497,17"
"2024","58","4121","605057","40291","12698,83"
"2024","705","2500","500010","20201","1202756,31"
"2024","19","4031","501015","20271","29300"
"2024","85","4225","500010","40631","0"
"2024","705","7009","500010","40711","0"
"2024","705","7011","500010","40711","0"
"2024","705","7016","500010","40711","0"
"2024","705","7056","500010","40711","10577735,08"
"2024","705","7059","500010","40711","4999860,14"
"2024","89","4233","500010","20151","238632,04"
"2024","705","7063","500010","40711","489785,16"
"2024","96","4254","501060","20061","0"
"2024","83","4412","500010","10481","0"
"2024","88","4229","799050","20011","0"
"2024","147","4475","500010","10501","4803975,49"
"2024","-3","-3","N/A","30041","0"
"2024","-3","-3","N/A","20061","0"
"2024","-3","-3","N/A","20151","0"
"2024","-3","-3","N/A","20071","0"
"2024","-3","-3","753052","10371","0"
"2024","-3","-3","501060","40031","0"
"2024","-3","-3","N/A","40651","0"
"2024","-3","-3","N/A","10521","0"
"2024","117","4205","500010","10301","0"
"2024","114","4405","500010","10231","0"
"2024","84","2500","500010","10481","0"
"2024","705","2019","500010","10191","0"
"2024","705","4103","500010","10191","0"
"2024","705","2032","500010","10191","0"
"2024","136","2060","500010","10251","0"
"2024","114","2500","500010","10231","0"
"2024","161","2500","500010","10501","0"
"2024","705","4362","500010","20071","0"
"2024","136","4372","500010","10251","0"
"2024","161","4453","500010","10501","0"
"2024","705","4080","500010","20151","0"
"2024","705","4059","753026","20101","0"
"2024","65","2500","753072","20241","0"
"2024","705","4516","500010","20421","0"
"2024","96","4244","500010","20061","0"
"2024","705","4279","500010","20201","0"
"2024","705","4440","500010","20371","0"
"2024","705","4325","500010","20421","0"
"2024","161","4467","500010","10501","0"
"2024","168","2086","500010","10261","0"
"2024","705","2027","605057","40291","0"
"2024","705","4230","799049","20011","0"
"2024","705","4030","605057","20271","0"
"2024","705","2009","500010","10021","0"
"2024","705","4125","605057","40291","0"
"2024","109","2051","500010","10491","0"
"2024","102","4322","500010","10271","0"
"2024","136","4365","702070","10251","0"
"2024","136","4365","700002","10251","0"
"2024","705","4029","605057","20271","0"
"2024","114","4398","761071","10231","0"
"2024","706","2054","500010","10031","2145986470,92"
"2024","729","4239","501060","10011","0"
"2024","703","4493","500010","10091","308395534,77"
"2024","714","1064","500010","10091","0"
"2024","703","2009","500010","10091","356290909,02"
"2024","38","4098","500010","10191","1950132,07"
"2024","55","4109","500010","10101","0"
"2024","705","2500","753029","10191","36749,97"
"2024","33","1002","500010","10191","0"
"2024","132","1072","708032","10221","0"
"2024","137","4365","700002","10251","0"
"2024","137","4373","500010","10251","0"
"2024","46","4372","501060","10251","0"
"2024","46","4372","701069","10251","0"
"2024","167","4512","500010","10261","0"
"2024","167","1093","500010","10261","0"
"2024","117","4292","700073","10301","0"
"2024","21","4037","753029","10371","0"
"2024","27","4045","709031","10371","276241,36"
"2024","100","4479","500010","10271","123740,5"
"2024","165","1094","500010","10261","0"
"2024","52","4115","702070","10401","0"
"2024","52","4115","700001","10401","0"
"2024","99","1040","899095","10301","0"
"2024","25","4040","753072","10371","0"
"2024","52","1098","500010","10401","0"
"2024","27","4047","500010","10371","0"
"2024","152","4456","631024","20261","0"
"2024","52","4141","899095","10401","0"
"2024","53","4094","702070","10401","0"
"2024","65","4194","700073","20241","0"
"2024","81","4284","753091","20301","0"
"2024","705","7004","799060","20361","0"
"2024","705","2500","756047","20371","0"
"2024","705","2500","756047","20301","0"
"2024","81","4268","500010","20301","0"
"2024","81","4275","703068","20301","0"
"2024","7","4005","500010","20311","0"
"2024","87","4212","500010","20321","67962841,36"
"2024","12","4026","500010","20331","0"
"2024","124","4516","700001","20421","0"
"2024","78","4252","899095","20371","0"
"2024","108","4498","753091","20371","6357,22"
"2024","71","4429","500010","40251","0"
"2024","705","7004","500010","30151","0"
"2024","764","4539","501060","40121","0"
"2024","765","4084","501060","40121","0"
"2024","61","4130","601064","40291","0"
"2024","59","2027","500010","40291","25255920"
"2024","82","4209","752083","40381","0"
"2024","63","4143","600092","40291","9852,19"
"2024","69","4169","711038","10481","0"
"2024","59","2027","605057","40291","40486,05"
"2024","31","4059","753072","20101","1215913,64"
"2024","31","4059","700024","20101","0"
"2024","705","2500","500010","10491","9035534,74"
"2024","39","4074","799049","20011","0"
"2024","159","4470","500010","10501","0"
"2024","159","4473","754025","10501","0"
"2024","705","7886","500010","10916","62542425,89"
"2024","705","7886","501015","10916","0"
"2024","106","4278","500010","20201","631188,26"
"2024","6","4008","501060","20121","0"
"2024","705","2500","756047","20151","0"
"2024","51","4092","500010","20151","0"
"2024","705","7030","500010","10916","8626243,73"
"2024","705","7529","801042","40711","770678,25"
"2024","22","4513","700024","20071","0"
"2024","18","2003","500010","10711","332107,23"
"2024","705","2500","756047","20161","0"
"2024","67","4158","761071","10481","39502,5"
"2024","85","4219","500010","40631","0"
"2024","42","4076","500010","20151","0"
"2024","42","4232","500010","20151","0"
"2024","705","7017","500010","40711","1585109,35"
"2024","75","1023","500010","20151","0"
"2024","705","2500","756047","20181","0"
"2024","737","1009","501060","40441","0"
"2024","102","4360","759059","40491","0"
"2024","104","4277","500010","20161","0"
"2024","84","4204","500010","10481","174228,68"
"2024","67","4158","500010","10481","614355,81"
"2024","147","4468","500010","10501","1691017,64"
"2024","88","4231","799050","20011","4278546,19"
"2024","148","2079","500010","10481","0"
"2024","-3","-3","N/A","40661","0"
"2024","-3","-3","N/A","40611","0"
"2024","-3","-3","753052","10251","0"
"2024","-3","-3","501060","10301","0"
"2024","-3","-3","501060","10251","0"
"2024","705","4030","500010","20271","0"
"2024","705","4103","755048","10191","0"
"2024","705","4105","500010","10191","0"
"2024","84","4154","500010","10481","0"
"2024","705","4032","500010","20271","0"
"2024","117","4261","500010","10301","0"
"2024","114","4361","500010","10231","0"
"2024","136","2500","500010","10251","0"
"2024","705","4425","500010","20181","0"
"2024","96","4246","500010","20061","0"
"2024","168","2093","540023","10261","0"
"2024","168","2082","540023","10261","0"
"2024","705","4046","753072","10371","0"
"2024","705","4498","753091","20371","0"
"2024","705","2054","500010","10031","0"
"2024","84","4154","761071","10481","0"
"2024","705","2145","500010","10021","0"
"2024","705","2012","605057","20011","0"
"2024","705","4034","605057","20271","0"
"2024","168","2097","500010","10261","0"
"2024","168","2096","500010","10261","0"
"2024","40","4071","753072","20091","0"
"2024","136","4365","701069","10251","0"
"2024","136","2500","501060","10251","0"
"2024","110","4363","761071","10231","0"
"2024","705","7004","500010","10031","0"
"2024","38","4095","500010","10191","16317372,12"
"2024","38","4096","500010","10191","727752,12"
"2024","43","1010","500010","10081","0"
"2024","44","1014","899095","10081","0"
"2024","38","4103","755048","10191","415986,4"
"2024","38","2032","500010","10191","0"
"2024","33","2005","703074","10191","0"
"2024","45","4082","501015","10191","387708634,6"
"2024","132","4474","708032","10221","0"
"2024","137","4365","700001","10251","69604,97"
"2024","116","4391","500010","10231","0"
"2024","162","2081","540023","10261","468664929,15"
"2024","162","2085","500010","10261","211484091,72"
"2024","162","2090","540023","10261","1135074189,02"
"2024","100","4330","899095","10271","0"
"2024","162","2097","540023","10261","163817045,23"
"2024","25","4038","709031","10371","1661822,23"
"2024","705","7010","500010","10401","324074,05"
"2024","705","7004","501060","20261","0"
"2024","19","4029","500010","20271","6892213,99"
"2024","65","4188","753072","20241","449982,02"
"2024","52","4120","753027","10401","11487,15"
"2024","705","4556","899095","10401","0"
"2024","726","1050","500010","10441","0"
"2024","726","4150","500010","10441","1000"
"2024","65","4190","700073","20241","0"
"2024","153","4457","500010","20261","10906778,07"
"2024","7","4017","570001","20311","0"
"2024","81","4284","501015","20301","0"
"2024","81","4289","899095","20301","0"
"2024","81","4293","750051","20301","0"
"2024","19","4031","500010","20271","154970610,38"
"2024","19","4031","633070","20271","4743955,59"
"2024","78","4206","500010","20371","6502151,83"
"2024","7","4002","570024","20311","0"
"2024","87","4237","500010","20321","967710,55"
"2024","12","4024","500010","20331","61109,04"
"2024","26","4086","501060","20351","0"
"2024","118","4439","501060","20371","0"
"2024","56","1095","700024","20421","0"
"2024","124","4325","569036","20421","0"
"2024","78","4228","899095","20371","0"
"2024","56","1026","500010","20421","0"
"2024","77","4286","500010","20461","88217,18"
"2024","705","2500","501060","30041","0"
"2024","90","4235","700002","30041","0"
"2024","16","4020","501060","30051","0"
"2024","128","1046","759039","40141","0"
"2024","128","1046","712057","40141","0"
"2024","113","4402","501060","40171","0"
"2024","73","4427","501060","40101","0"
"2024","63","4146","500010","40291","0"
"2024","63","4146","600092","40291","0"
"2024","63","4145","600092","40291","106134,31"
"2024","85","4217","500010","40631","0"
"2024","77","4471","749009","40331","0"
"2024","705","2039","799049","20011","5184102,17"
"2024","70","4181","500010","10481","0"
"2024","32","4061","500010","10511","101933427,99"
"2024","32","4063","899095","10511","0"
"2024","156","4466","501060","10501","2805,33"
"2024","705","2500","799050","20011","0"
"2024","31","4058","753072","20101","358348,96"
"2024","149","4450","500010","10501","0"
"2024","130","4353","500010","10451","46675027,12"
"2024","705","7054","500010","10915","0"
"2024","134","4376","500010","10451","0"
"2024","106","4278","700001","20201","0"
"2024","73","4184","500010","10481","12131,62"
"2024","32","1003","500010","10511","0"
"2024","19","4032","605057","20271","339962,85"
"2024","705","7529","501060","40711","2150378,18"
"2024","705","7586","500010","40711","477419,15"
"2024","705","2132","500010","10951","0"
"2024","134","4379","700024","10451","0"
"2024","22","4513","701069","20071","429,83"
"2024","119","2048","500010","10491","0"
"2024","22","4389","500010","20071","88645,71"
"2024","32","1051","500010","10511","0"
"2024","705","2500","703068","20171","0"
"2024","705","7022","801043","40711","152539"
"2024","52","4120","706097","10401","0"
"2024","705","7037","801043","40711","503689784,73"
"2024","105","4425","501060","20181","0"
"2024","104","4282","500010","20161","0"
"2024","4","4314","500010","10521","0"
"2024","157","4464","500010","10501","2977616,59"
"2024","141","4437","500010","10451","0"
"2024","1","4304","899095","10521","0"
"2024","126","4340","501060","20041","468499,26"
"2024","-3","-3","N/A","40121","0"
"2024","-3","-3","N/A","20331","0"
"2024","-3","-3","N/A","20301","0"
"2024","-3","-3","N/A","20091","0"
"2024","-3","-3","N/A","40601","0"
"2024","-3","-3","N/A","10711","0"
"2024","-3","-3","N/A","20211","0"
"2024","-3","-3","605057","20121","0"
"2024","133","2500","500010","10221","0"
"2024","1","4303","500010","10521","0"
"2024","1","2500","500010","10521","0"
"2024","705","4389","500010","20071","0"
"2024","705","2006","500010","10191","0"
"2024","705","4199","500010","20151","0"
"2024","705","4269","500010","20201","0"
"2024","168","2081","540023","10261","0"
"2024","705","4017","501060","20311","0"
"2024","705","4493","500010","10091","0"
"2024","136","4374","500010","10251","0"
"2024","168","2089","500010","10261","0"
"2024","705","4145","500010","40291","0"
"2024","136","2057","500010","10251","0"
"2024","705","4441","605057","10451","0"
"2024","161","4461","500010","10501","0"
"2024","734","2047","500010","10051","3225768,75"
"2024","734","2047","501060","10051","0"
"2024","705","2157","500010","10021","20816539,69"
"2024","48","4356","500010","10071","457174,6"
"2024","705","7006","500010","10021","101508377,56"
"2024","46","4426","500010","10071","1520538,44"
"2024","43","1008","500010","10081","0"
"2024","705","2500","500010","10081","20778436,94"
"2024","705","7803","500010","10081","0"
"2024","705","7006","801042","10091","111931798,47"
"2024","55","4102","500010","10101","143264,68"
"2024","55","4110","500010","10101","2813563,02"
"2024","125","4482","500010","10221","188144,66"
"2024","50","4335","500010","10071","0"
"2024","137","4365","749009","10251","0"
"2024","167","2117","500010","10261","0"
"2024","168","2126","550021","10261","0"
"2024","168","2126","569036","10261","0"
"2024","168","4523","540013","10261","0"
"2024","168","4527","500010","10261","0"
"2024","21","4028","753029","10371","0"
"2024","27","4045","753094","10371","0"
"2024","100","4324","500010","10271","304482,72"
"2024","85","4205","703074","10301","0"
"2024","162","2096","540023","10261","47128346,48"
"2024","99","1039","708032","10301","0"
"2024","128","1055","708032","10301","0"
"2024","25","4053","753094","10371","0"
"2024","705","2500","500010","20271","32285457,52"
"2024","705","7004","501060","20271","4442064,59"
"2024","154","4459","631024","20261","0"
"2024","19","4035","659045","20271","5000"
"2024","81","4385","752083","20301","0"
"2024","7","4017","501060","20311","613394,24"
"2024","81","4288","899095","20301","0"
"2024","705","2500","753091","20301","0"
"2024","81","4275","500010","20301","2204723"
"2024","705","7004","500010","20431","0"
"2024","108","4498","500010","20371","392286,07"
"2024","705","7004","501060","30041","0"
"2024","16","4022","501060","30051","0"
"2024","102","4497","500010","40151","0"
"2024","60","1022","500010","40291","0"
"2024","60","4125","500010","40291","2059368,51"
"2024","60","4127","500010","40291","0"
"2024","58","4121","631024","40291","0"
"2024","77","4529","500010","40331","0"
"2024","82","4210","759054","40381","0"
"2024","62","4136","500010","40291","0"
"2024","62","4137","600063","40291","0"
"2024","63","4143","501060","40291","0"
"2024","130","1048","700024","10451","0"
"2024","70","4174","700001","10481","0"
"2024","46","4091","753072","20101","0"
"2024","705","2500","753072","20101","5794086,9"
"2024","705","7004","500010","10441","0"
"2024","39","4074","799050","20011","0"
"2024","130","4353","605057","10451","320201,18"
"2024","7","4017","605057","20311","170383,57"
"2024","39","2012","605057","20011","17931,13"
"2024","705","2018","501060","20121","17125,87"
"2024","22","4048","500010","20071","2947308,17"
"2024","8","4011","501060","20121","755,24"
"2024","146","4441","500010","10451","62507016,94"
"2024","69","4164","500010","10481","552406,32"
"2024","6","4009","500010","20121","155288,18"
"2024","705","2500","500010","20151","4636403,35"
"2024","37","4066","500010","10511","36831837,5"
"2024","160","4489","500010","10941","0"
"2024","705","7441","500010","10941","63555289,8"
"2024","143","1087","500010","20071","0"
"2024","705","7617","501060","40711","739673,11"
"2024","138","4409","501060","20011","0"
"2024","39","2012","799050","20011","223234,43"
"2024","60","4125","605057","40291","8260,52"
"2024","84","4204","761071","10481","490867,27"
"2024","172","4543","540023","10261","0"
"2024","705","7064","500010","40711","14350613,45"
"2024","32","4060","501011","10511","99626418,7"
"2024","103","4417","501060","20181","0"
"2024","62","4134","605057","40291","1418,44"
"2024","70","4178","761071","10481","380786,62"
"2024","705","7004","500010","20181","0"
"2024","85","4221","501060","40631","0"
"2024","705","7205","500010","40711","117327025,08"
"2024","705","7023","500010","40711","3403340,72"
"2024","705","7037","500010","40711","1237184,49"
"2024","95","4250","501060","20061","0"
"2024","3","4311","899095","10521","0"
"2024","3","4303","500010","10521","1657568,2"
"2024","-3","-3","N/A","40141","0"
"2024","-3","-3","N/A","20321","0"
"2024","-3","-3","N/A","10491","0"
"2024","-3","-3","N/A","40631","0"
"2024","-3","-3","N/A","40641","0"
"2024","-3","-3","N/A","10021","0"
"2024","-3","-3","N/A","10991","0"
"2024","-3","-3","N/A","10541","0"
"2024","705","4096","500010","10191","0"
"2024","705","4038","753072","10371","0"
"2024","705","4035","500010","20271","0"
"2024","102","4327","500010","10271","0"
"2024","161","4452","500010","10501","0"
"2024","705","4299","500010","20211","0"
"2024","67","2500","500010","20281","0"
"2024","705","4234","500010","20151","0"
"2024","705","4058","753026","20101","0"
"2024","705","4198","500010","20151","0"
"2024","161","4463","500010","10501","0"
"2024","10","2500","753059","20441","0"
"2024","168","2085","500010","10261","0"
"2024","705","4206","500010","20371","0"
"2024","168","2083","540023","10261","0"
"2024","168","2090","540023","10261","0"
"2024","168","2082","500010","10261","0"
"2024","168","2080","540023","10261","0"
"2024","705","4498","500010","20371","0"
"2024","168","2088","540023","10261","0"
"2024","705","4441","500010","10451","0"
"2024","705","4009","500010","20121","0"
"2024","705","2009","500010","10091","0"
"2024","52","2500","500010","10401","0"
"2024","705","4046","709031","10371","0"
"2024","705","4387","700024","20071","0"
"2024","84","2134","761071","10481","0"
"2024","114","4420","501015","10231","0"
"2024","705","4035","605057","20271","0"
"2024","705","4202","501060","20371","0"
"2024","161","4450","500010","10501","0"
"2024","705","4031","633070","20271","0"
"2024","705","4035","659045","20271","0"
"2024","705","2500","500010","10071","863982,07"
"2024","38","4095","752083","10191","119462,66"
"2024","703","2028","501060","10091","0"
"2024","54","1016","899095","10101","0"
"2024","54","2020","500010","10101","0"
"2024","33","2006","500010","10191","10395332,14"
"2024","45","4082","753029","10191","0"
"2024","108","4358","500010","10231","75658,55"
"2024","113","4399","500010","10231","0"
"2024","114","4396","500010","10231","0"
"2024","162","2089","540023","10261","149306704,21"
"2024","162","2095","500010","10261","0"
"2024","137","4366","500010","10251","0"
"2024","137","4374","702070","10251","0"
"2024","163","2101","550021","10261","0"
"2024","163","2102","552036","10261","0"
"2024","133","1079","708032","10221","0"
"2024","162","2088","540023","10261","86417037,35"
"2024","162","2081","500010","10261","4205347,84"
"2024","167","2122","500010","10261","0"
"2024","162","2093","540023","10261","34473174,94"
"2024","167","2116","500010","10261","0"
"2024","705","2500","753094","10371","0"
"2024","21","4028","753094","10371","0"
"2024","172","4547","550021","10261","0"
"2024","117","4290","500010","10301","3220129,31"
"2024","85","4253","500010","10301","0"
"2024","81","1037","708032","10301","0"
"2024","99","1042","899095","10301","0"
"2024","25","4038","753094","10371","0"
"2024","705","2500","500010","10401","1094357,29"
"2024","27","4046","899095","10371","0"
"2024","705","2500","756047","20271","5000"
"2024","102","4267","500010","20201","204298,76"
"2024","7","4006","500010","20311","930169,73"
"2024","7","4006","570024","20311","0"
"2024","705","7004","501060","20251","0"
"2024","81","4293","500010","20301","28368178,61"
"2024","705","7208","799060","20361","0"
"2024","80","4317","501060","20371","0"
"2024","81","4275","501015","20301","0"
"2024","705","2500","700073","20331","1766735,23"
"2024","124","4325","500010","20421","20583,91"
"2024","121","4333","500010","30151","0"
"2024","121","4296","500010","30151","0"
"2024","71","2074","660006","40251","0"
"2024","71","4434","500010","40251","0"
"2024","705","7004","753059","20441","0"
"2024","97","4236","500010","30041","0"
"2024","15","4016","501060","30051","0"
"2024","16","4018","500010","30051","0"
"2024","16","4018","700024","30051","0"
"2024","16","4021","500010","30051","0"
"2024","61","4129","500010","40291","0"
"2024","706","4395","756047","40031","0"
"2024","24","4041","501060","40111","0"
"2024","61","4131","601093","40291","0"
"2024","62","4135","500010","40291","33152,18"
"2024","63","4144","500010","40291","0"
"2024","705","7957","500010","40711","2898330949,33"
"2024","130","1048","700001","10451","0"
"2024","70","4178","500010","10481","16335,02"
"2024","156","4466","500010","10501","413745,87"
"2024","161","4495","501015","10501","0"
"2024","62","4135","605057","40291","881,93"
"2024","70","4174","500010","10481","0"
"2024","70","4176","700024","10481","0"
"2024","161","4491","501015","10501","0"
"2024","32","4067","500010","10511","0"
"2024","31","4055","753072","20101","1016101,13"
"2024","39","4073","799050","20011","0"
"2024","31","4054","899095","20101","0"
"2024","705","7006","500010","10441","0"
"2024","705","7006","801042","10441","0"
"2024","69","4167","500010","10481","317972,46"
"2024","130","4351","500010","10451","0"
"2024","74","2033","500010","10481","0"
"2024","31","4056","753072","20101","1385820,15"
"2024","705","2500","500010","10711","2795890,72"
"2024","6","4008","500010","20121","2264477,54"
"2024","69","4514","700024","10481","0"
"2024","705","7004","501060","20121","0"
"2024","705","2500","501060","20151","0"
"2024","130","4348","605057","10451","45190,5"
"2024","19","4034","605057","20271","1078075,23"
"2024","705","7004","500010","20061","0"
"2024","83","4418","500010","10481","0"
"2024","134","4377","500010","10451","0"
"2024","106","4279","749045","20201","0"
"2024","705","7617","801043","40711","47860,62"
"2024","63","4143","605057","40291","1440,49"
"2024","63","4147","605057","40291","975,21"
"2024","168","4520","540023","10261","0"
"2024","52","4120","700024","10401","0"
"2024","103","4417","500010","20181","757350,4"
"2024","86","4414","761071","10481","0"
"2024","125","4541","501060","40661","0"
"2024","66","4152","714057","40701","0"
"2024","705","7032","500010","40711","0"
"2024","705","7052","500010","40711","16994834,83"
"2024","9","4349","501060","40541","0"
"2024","146","4442","753027","10451","1050405,6"
"2024","1","4305","500010","10521","1810633,73"
"2024","95","4249","500010","20061","1320838,83"
"2024","2","4309","500010","10521","300159,12"
"2024","-3","-3","N/A","10231","0"
"2024","-3","-3","N/A","10451","0"
"2024","-3","-3","N/A","20311","0"
"2024","-3","-3","N/A","40441","0"
"2024","-3","-3","N/A","10191","0"
"2024","-3","-3","N/A","10221","0"
"2024","-3","-3","N/A","20351","0"
"2024","-3","-3","N/A","40331","0"
"2024","-3","-3","N/A","20241","0"
"2024","-3","-3","501060","20301","0"
"2024","-3","-3","605057","20271","0"
"2024","-3","-3","605057","20011","0"
"2024","705","4039","753072","10371","0"
"2024","54","1017","500010","10101","0"
"2024","43","7803","500010","10081","0"
"2024","84","4169","500010","10481","0"
"2024","104","2500","500010","20161","0"
"2024","705","2015","500010","20151","0"
"2024","96","4249","500010","20061","0"
"2024","705","1062","500010","20171","0"
"2024","705","4055","753026","20101","0"
"2024","168","2086","540023","10261","0"
"2024","705","4447","500010","20431","0"
"2024","705","4133","500010","40291","0"
"2024","705","4445","500010","10021","0"
"2024","84","2500","761071","10481","0"
"2024","705","2053","500010","10031","0"
"2024","705","1088","500010","20071","0"
"2024","136","4365","749045","10251","0"
"2024","136","4365","700001","10251","0"
"2024","764","4084","501060","40121","0"
"2024","705","2012","799050","20011","0"
"2024","161","4466","753094","10501","0"
"2024","161","2500","899095","10501","0"
"2024","136","4366","501015","10251","0"
"2024","96","4249","501060","20061","0"
"2024","705","4513","701069","20071","0"
"2024","705","7006","801042","10031","438161575,91"
"2024","705","7006","801043","10031","329024069,3"
"2024","734","2078","500010","10051","15626539,15"
"2024","705","7006","801042","10021","43771973,8"
"2024","703","2009","756047","10091","0"
"2024","45","4083","753029","10191","0"
"2024","133","4499","500010","10221","0"
"2024","133","1077","500010","10221","489798,96"
"2024","133","1078","708032","10221","0"
"2024","705","2500","501060","10251","344,96"
"2024","705","7010","500010","10251","0"
"2024","125","1083","500010","10221","0"
"2024","137","4365","500010","10251","874776587,88"
"2024","137","4365","749045","10251","0"
"2024","137","4365","701069","10251","1973,4"
"2024","112","4397","500010","10231","0"
"2024","112","4403","500010","10231","179365,89"
"2024","705","7007","500010","10251","1789437279,04"
"2024","137","2063","500010","10251","0"
"2024","133","1079","500010","10221","127490,83"
"2024","162","2082","540023","10261","40415549,67"
"2024","170","4531","500010","10261","0"
"2024","170","4538","500010","10261","0"
"2024","162","2086","500010","10261","213720,31"
"2024","85","4205","500010","10301","1659082,14"
"2024","172","4547","500010","10261","0"
"2024","85","4208","500010","10301","2759946,11"
"2024","27","4046","753094","10371","0"
"2024","27","4047","753094","10371","0"
"2024","52","4116","500010","10401","0"
"2024","52","4138","500010","10401","830,59"
"2024","705","2500","500010","20281","696586,54"
"2024","705","2500","501060","20281","0"
"2024","19","4035","899095","20271","0"
"2024","705","7004","500010","20351","0"
"2024","705","2500","753091","20371","14481175,17"
"2024","705","2500","753059","20441","2065396,29"
"2024","705","2500","500010","20331","0"
"2024","26","4088","500010","20351","0"
"2024","80","4319","500010","20371","10734210,43"
"2024","705","2500","501060","30151","0"
"2024","56","1027","500010","20421","0"
"2024","705","2500","501060","30051","0"
"2024","16","4023","500010","30051","0"
"2024","71","2074","660005","40251","0"
"2024","59","2023","500010","40291","0"
"2024","85","4215","500010","40631","0"
"2024","77","4518","500010","40331","0"
"2024","21","4258","709031","40341","0"
"2024","27","4064","709031","40341","0"
"2024","705","2029","752083","40381","0"
"2024","705","2039","799050","20011","0"
"2024","69","4166","700024","10481","0"
"2024","131","4100","500010","10721","0"
"2024","156","4467","500010","10501","719231,18"
"2024","74","4197","500010","10481","0"
"2024","124","4516","761071","20421","30297,49"
"2024","705","2500","761071","20421","1547380"
"2024","134","4375","500010","10451","0"
"2024","22","4387","700024","20071","145588,74"
"2024","91","4247","500010","20061","343229,65"
"2024","705","7484","500010","40711","1336543,7"
"2024","134","4379","500010","10451","0"
"2024","129","4347","700001","10451","0"
"2024","161","4495","752082","10501","0"
"2024","705","2014","799049","20011","2245382,19"
"2024","705","2500","501060","20201","0"
"2024","104","4515","500010","20161","0"
"2024","172","4547","540023","10261","0"
"2024","103","4421","500010","20181","5607894,44"
"2024","705","2500","899095","10501","512045,82"
"2024","70","4182","761071","10481","2468396,06"
"2024","4","4312","500010","10521","87132,47"
"2024","20","4502","500010","40651","0"
"2024","67","4159","501060","40701","0"
"2024","705","7094","500010","40711","39847,15"
"2024","705","7012","500010","40711","446936"
"2024","52","4113","701066","10401","0"
"2024","705","7039","500010","40711","0"
"2024","76","4199","500010","20151","1556256,6"
"2024","104","4283","500010","20161","696311,21"
"2024","705","2500","500010","20171","419280,18"
"2024","95","4250","500010","20061","1533852,85"
"2024","155","4461","500010","10501","2517,9"
"2024","96","4255","501060","20061","4897,9"
"2024","88","4230","799050","20011","0"
"2024","146","4442","500010","10451","6869260,23"
"2024","146","4442","700024","10451","0"
"2024","2","4307","500010","10521","6092302,32"
"2024","705","7004","501060","20041","0"
"2024","147","4478","500010","10501","0"
"2024","2","4309","899095","10521","0"
"2024","-3","-3","N/A","20421","0"
"2024","-3","-3","N/A","10301","0"
"2024","-3","-3","N/A","40171","0"
"2024","-3","-3","N/A","10911","0"
"2024","-3","-3","N/A","10951","0"
"2024","705","4045","753072","10371","0"
"2024","133","1082","500010","10221","0"
"2024","705","4083","501015","10191","0"
"2024","161","4476","500010","10501","0"
"2024","84","4170","500010","10481","0"
"2024","161","4466","500010","10501","0"
"2024","705","4298","500010","20211","0"
"2024","705","4086","500010","20351","0"
"2024","96","4250","500010","20061","0"
"2024","705","4417","500010","20181","0"
"2024","705","4267","500010","20201","0"
"2024","96","4241","500010","20061","0"
"2024","705","4319","500010","20371","0"
"2024","705","4286","500010","20461","0"
"2024","131","2500","500010","10721","0"
"2024","705","4457","500010","20261","0"
"2024","705","4378","500010","10451","0"
"2024","705","4001","500010","20311","0"
"2024","705","4008","500010","20121","0"
"2024","705","4441","753027","10451","0"
"2024","136","7007","500010","10251","0"
"2024","133","4482","500010","10221","0"
"2024","117","4265","500010","10301","0"
"2024","705","4325","761071","20421","0"
"2024","705","4348","605057","10451","0"
"2024","705","4203","753091","20371","0"
"2024","705","4206","753091","20371","0"
"2024","705","1087","500010","20071","0"
"2024","705","4134","500010","40291","0"
"2024","705","4131","500010","40291","0"
"2024","161","1085","899095","10501","0"
"2024","168","2122","500010","10261","0"
"2024","136","4374","702070","10251","0"
"2024","136","4374","700024","10251","0"
"2024","137","4366","501015","10251","286910"
"2024","113","4399","761071","10231","0"
"2024","705","4031","631024","20271","0"
"2024","706","2053","500010","10031","468560396,85"
"2024","706","2053","501060","10031","3800444,56"
"2024","705","7006","801043","10051","2247039,13"
"2024","49","4354","500010","10071","356047,44"
"2024","55","1017","500010","10101","191916,55"
"2024","125","1097","500010","10221","0"
"2024","114","4419","501015","10231","0"
"2024","111","1053","500010","10231","0"
"2024","111","4383","500010","10231","102328,31"
"2024","111","4383","700001","10231","0"
"2024","48","2065","500010","10251","0"
"2024","133","1091","708032","10221","0"
"2024","162","2086","540023","10261","286219395,78"
"2024","165","2107","500010","10261","0"
"2024","168","4523","570024","10261","0"
"2024","705","2500","753072","10371","29174863,76"
"2024","21","4028","709031","10371","155876,71"
"2024","21","4044","753029","10371","0"
"2024","172","4546","500010","10261","0"
"2024","52","4115","753027","10401","0"
"2024","99","1035","700024","10301","0"
"2024","99","1038","500010","10301","0"
"2024","99","1038","700024","10301","0"
"2024","99","4262","501015","10301","0"
"2024","25","4039","753072","10371","651727,1"
"2024","25","4053","753072","10371","0"
"2024","705","1074","899095","10371","0"
"2024","47","4142","500010","10401","949,45"
"2024","52","4114","753027","10401","23523,54"
"2024","27","4046","709031","10371","32479,41"
"2024","150","4455","500010","20261","1065864"
"2024","65","4187","753072","20241","191966,44"
"2024","726","4193","500010","10441","64077986,28"
"2024","705","7004","500010","20201","0"
"2024","705","2500","501060","20251","1089599,04"
"2024","705","2500","500010","20261","17175080,28"
"2024","81","4385","708032","20301","0"
"2024","705","7004","500010","20301","0"
"2024","81","4284","752083","20301","0"
"2024","19","4031","631001","20271","0"
"2024","80","4317","500010","20371","6139335,82"
"2024","81","4275","754025","20301","0"
"2024","10","4013","753059","20441","1971636,29"
"2024","705","7004","501060","20311","0"
"2024","87","4222","500010","20321","1395393,62"
"2024","26","4086","500010","20351","101136469,46"
"2024","78","4202","500010","20371","16837014,71"
"2024","78","4202","501060","20371","1424638,26"
"2024","705","2500","500010","20421","1254176,38"
"2024","706","2091","501060","40031","0"
"2024","108","1044","702067","30041","0"
"2024","16","4022","500010","30051","0"
"2024","70","4411","749045","40091","0"
"2024","62","4133","500010","40291","1632052,15"
"2024","58","4123","500010","40291","0"
"2024","61","4130","500010","40291","0"
"2024","85","4218","500010","40631","0"
"2024","705","2500","709031","40341","0"
"2024","62","4136","899095","40291","0"
"2024","63","4143","500010","40291","816978,89"
"2024","156","4466","753052","10501","7000"
"2024","161","4496","752082","10501","41100"
"2024","705","2500","500010","10501","37115647"
"2024","122","2050","500010","10491","1240458,77"
"2024","31","4059","799061","20101","0"
"2024","32","4062","500010","10511","0"
"2024","705","2500","756047","20011","0"
"2024","39","4068","799050","20011","0"
"2024","31","4054","753072","20101","12400"
"2024","130","4351","700024","10451","0"
"2024","69","4514","500010","10481","135305,26"
"2024","146","4443","500010","10451","7809013,82"
"2024","156","4467","754025","10501","0"
"2024","31","4056","753026","20101","4498814,42"
"2024","705","7707","500010","10915","0"
"2024","705","7723","500010","10915","0"
"2024","705","2500","605057","10451","1816"
"2024","705","7896","500010","10916","0"
"2024","18","2001","500010","10711","683950,8"
"2024","51","4093","500010","20151","429980,51"
"2024","91","4245","500010","20061","0"
"2024","705","7024","500010","10941","1573419,31"
"2024","69","4168","711038","10481","0"
"2024","32","4060","700024","10511","0"
"2024","32","4060","700001","10511","0"
"2024","143","1069","500010","20071","0"
"2024","705","7840","501060","40711","838888,74"
"2024","705","2014","500010","20011","0"
"2024","59","2024","605057","40291","79554,59"
"2024","62","4133","605057","40291","1763,87"
"2024","71","2134","761071","10481","1376710,91"
"2024","103","4274","500010","20201","386236,91"
"2024","84","2037","761071","10481","0"
"2024","148","2076","761071","10481","0"
"2024","102","4343","716057","10271","0"
"2024","83","4418","761071","10481","0"
"2024","705","7105","500010","40711","0"
"2024","705","7209","501060","40711","11073140,24"
"2024","705","7015","500010","40711","0"
"2024","705","7058","500010","40711","9548691,73"
"2024","705","7061","500010","40711","1722389,12"
"2024","156","1085","899095","10501","0"
"2024","96","4257","501060","20061","6439,16"
"2024","-3","-3","N/A","10261","0"
"2024","-3","-3","N/A","30051","0"
"2024","-3","-3","N/A","10251","0"
"2024","-3","-3","N/A","10271","0"
"2024","-3","-3","N/A","40491","0"
"2024","-3","-3","N/A","10916","0"
"2024","705","4045","709031","10371","0"
"2024","705","4095","752083","10191","0"
"2024","133","4474","500010","10221","0"
"2024","102","4324","500010","10271","0"
"2024","133","4449","500010","10221","0"
"2024","133","1071","500010","10221","0"
"2024","34","4426","500010","10071","0"
"2024","96","2500","500010","20061","0"
"2024","34","4356","500010","10071","0"
"2024","109","2500","500010","10491","0"
"2024","114","4358","500010","10231","0"
"2024","84","4184","500010","10481","0"
"2024","84","4165","500010","10481","0"
"2024","84","4514","500010","10481","0"
"2024","705","4274","500010","20201","0"
"2024","705","4054","753072","20101","0"
"2024","705","4056","753026","20101","0"
"2024","161","4486","500010","10501","0"
"2024","168","2089","540023","10261","0"
"2024","168","2097","540023","10261","0"
"2024","705","4231","799050","20011","0"
"2024","734","7006","500010","10051","0"
"2024","734","7007","500010","10051","0"
"2024","705","4229","605057","20011","0"
"2024","161","4462","899095","10501","0"
"2024","136","2065","500010","10251","0"
"2024","161","4485","501060","10501","0"
"2024","705","4145","605057","40291","0"
"2024","705","4131","605057","40291","0"
"2024","168","4099","500010","10261","0"
"2024","705","4528","500010","20461","0"
"2024","734","4003","501060","10051","0"
"2024","705","7006","500010","10011","70687039,08"
"2024","705","7006","801042","10011","26143640,38"
"2024","44","1013","500010","10081","121291539,49"
"2024","38","4106","500010","10191","1067949,36"
"2024","54","4108","500010","10101","34737,94"
"2024","45","4082","500010","10191","25645841,82"
"2024","125","1082","500010","10221","278209,48"
"2024","125","4544","500010","10221","0"
"2024","56","1100","700001","10221","0"
"2024","56","1100","700024","10221","0"
"2024","113","4400","500010","10231","0"
"2024","137","4365","702070","10251","589,94"
"2024","111","4420","500010","10231","0"
"2024","118","4405","500010","10231","272629,13"
"2024","164","2104","500010","10261","0"
"2024","170","4537","500010","10261","0"
"2024","170","4540","500010","10261","0"
"2024","172","4543","550021","10261","0"
"2024","21","4028","500010","10371","0"
"2024","162","2098","500010","10261","989647,88"
"2024","52","4115","701066","10401","0"
"2024","52","4115","700002","10401","0"
"2024","99","1041","500010","10301","0"
"2024","25","4039","709031","10371","173175,35"
"2024","52","4120","702070","10401","0"
"2024","726","4150","501060","10441","0"
"2024","766","2113","799060","20361","0"
"2024","705","2500","756047","20281","0"
"2024","705","2500","500010","20301","33178316,91"
"2024","81","4275","702070","20301","0"
"2024","81","4275","703074","20301","0"
"2024","81","4284","500010","20301","0"
"2024","87","4222","756047","20321","0"
"2024","78","4202","753091","20371","934873,79"
"2024","124","4320","700024","20421","0"
"2024","121","4294","501060","30151","0"
"2024","10","4014","753059","20441","1707039,75"
"2024","71","4431","500010","40251","0"
"2024","71","4433","660056","40251","0"
"2024","71","4435","660056","40251","0"
"2024","83","1096","500010","40251","0"
"2024","706","2091","760077","40031","0"
"2024","90","4235","700024","30041","0"
"2024","15","4370","500010","30051","0"
"2024","15","4371","500010","30051","0"
"2024","16","4018","702070","30051","0"
"2024","16","4018","700001","30051","0"
"2024","705","2500","500010","40291","28488836,13"
"2024","166","2110","500010","40291","0"
"2024","60","4127","601065","40291","0"
"2024","58","1020","899095","40291","0"
"2024","61","4131","600063","40291","0"
"2024","65","4260","709031","40341","0"
"2024","61","4132","500010","40291","0"
"2024","166","2111","500010","40291","0"
"2024","166","2115","500010","40291","0"
"2024","69","4169","500010","10481","87722,02"
"2024","120","2044","500010","10491","1078788,19"
"2024","161","4492","501015","10501","89,5"
"2024","36","1004","899095","10511","0"
"2024","91","4241","500010","20061","789797,93"
"2024","91","4241","501060","20061","4400"
"2024","726","2068","500010","10441","0"
"2024","31","4058","700024","20101","0"
"2024","31","4058","753091","20101","0"
"2024","37","2008","605057","10511","7968,5"
"2024","160","1084","500010","10501","0"
"2024","19","4035","605057","20271","2109969,95"
"2024","18","2002","500010","10711","820137,22"
"2024","6","4008","799050","20121","0"
"2024","134","4378","753027","10451","2032926,7"
"2024","69","4514","711038","10481","0"
"2024","19","4030","605057","20271","826925,17"
"2024","705","2500","501060","20091","5966643,29"
"2024","105","4271","500010","20201","133022,08"
"2024","705","2131","706097","10951","0"
"2024","93","4248","500010","20061","395081,06"
"2024","129","4344","500010","10451","1179862,98"
"2024","160","4485","754025","10501","0"
"2024","705","7725","500010","40711","76983462,17"
"2024","149","4452","500010","10501","944899,49"
"2024","52","4112","700024","10401","0"
"2024","106","1066","500010","20171","32505,88"
"2024","64","4149","605057","40291","661,46"
"2024","705","7022","501060","40711","99611,59"
"2024","74","4197","761071","10481","0"
"2024","74","2033","761071","10481","0"
"2024","74","4196","761071","10481","0"
"2024","42","4075","500010","20151","0"
"2024","105","1062","500010","20171","527449,11"
"2024","705","7022","801042","40711","90435,45"
"2024","705","7033","500010","40711","0"
"2024","705","7046","500010","40711","15124926,95"
"2024","705","7047","500010","40711","3409689,91"
"2024","705","7051","500010","40711","25315547,93"
"2024","705","7004","500010","20161","0"
"2024","66","4154","500010","10481","86798,16"
"2024","88","4230","799049","20011","9643104,91"
"2024","84","2036","500010","10481","0"
"2024","2","4308","500010","10521","760958,46"
"2024","-3","-3","753052","10501","0"
"2024","-3","-3","N/A","10721","0"
"2024","-3","-3","799061","10915","0"
"2024","102","4479","500010","10271","0"
"2024","705","4079","500010","10191","0"
"2024","84","4158","500010","10481","0"
"2024","705","4039","709031","10371","0"
"2024","705","4036","500010","20271","0"
"2024","705","4239","501060","10011","0"
"2024","705","4513","500010","20071","0"
"2024","114","4386","500010","10231","0"
"2024","96","4248","500010","20061","0"
"2024","168","2081","500010","10261","0"
"2024","705","4017","500010","20311","0"
"2024","52","7010","500010","10401","0"
"2024","705","4442","500010","10451","0"
"2024","133","1072","500010","10221","0"
"2024","705","4278","500010","20201","0"
"2024","705","4017","605057","20311","0"
"2024","705","4231","605057","20011","0"
"2024","136","4374","752083","10251","0"
"2024","161","4451","754025","10501","0"
"2024","705","4007","500010","10631","0"
"2024","161","4466","501060","10501","0"
"2024","705","4134","605057","40291","0"
"2024","705","7006","801042","10051","3492380,36"
"2024","45","4083","500010","10191","5600723,35"
"2024","45","4085","703074","10191","0"
"2024","132","1073","500010","10221","166428"
"2024","705","2500","500010","10231","6084091,38"
"2024","112","4407","500010","10231","0"
"2024","137","4374","500010","10251","101888,23"
"2024","162","2082","500010","10261","142725,05"
"2024","169","2129","500010","10261","0"
"2024","170","4533","500010","10261","0"
"2024","162","2090","500010","10261","3712651,59"
"2024","162","2093","500010","10261","126470,98"
"2024","165","2127","500010","10261","0"
"2024","167","4508","500010","10261","0"
"2024","168","2124","500010","10261","0"
"2024","168","4517","500010","10261","0"
"2024","168","4523","500010","10261","0"
"2024","705","2500","709031","10371","7253568,69"
"2024","100","4327","500010","10271","362069,28"
"2024","25","4038","753072","10371","7395273,33"
"2024","27","4046","753029","10371","0"
"2024","19","4030","633070","20271","0"
"2024","65","4189","799061","20241","0"
"2024","7","4006","569036","20311","0"
"2024","65","4190","753072","20241","589095,65"
"2024","19","4035","633070","20271","2108404,26"
"2024","705","2500","501060","20371","15684,62"
"2024","80","4318","753091","20371","33550,83"
"2024","67","4300","569036","20281","0"
"2024","81","4272","753091","20301","0"
"2024","77","4447","500010","20431","390569,33"
"2024","87","4222","631024","20321","0"
"2024","112","4440","500010","20371","1118799,82"
"2024","112","4440","753091","20371","24901,47"
"2024","124","4320","500010","20421","0"
"2024","705","2500","501060","20431","0"
"2024","77","4446","501060","20431","0"
"2024","10","4015","753059","20441","182615,58"
"2024","78","4206","501060","20371","0"
"2024","71","4433","500010","40251","0"
"2024","705","7004","500010","20461","0"
"2024","90","4235","500010","30041","0"
"2024","90","4235","702067","30041","0"
"2024","110","1045","702067","30041","0"
"2024","97","1034","501060","30041","0"
"2024","15","4016","500010","30051","0"
"2024","16","4018","501060","30051","0"
"2024","16","4019","501060","30051","0"
"2024","706","4395","760077","40031","16"
"2024","59","2024","500010","40291","78611981,03"
"2024","705","2500","601093","40291","0"
"2024","77","4471","500010","40331","0"
"2024","82","4211","752083","40381","0"
"2024","64","4148","500010","40291","0"
"2024","63","4147","601093","40291","0"
"2024","705","7957","501015","40711","229975482,83"
"2024","130","4348","500010","10451","177584570,89"
"2024","61","4131","605057","40291","5981,49"
"2024","40","4070","899095","20091","0"
"2024","28","4049","500010","10541","2964659,49"
"2024","40","4070","753072","20091","403257,29"
"2024","39","4073","501060","20011","0"
"2024","28","4050","500010","10541","1150073,51"
"2024","705","2500","500010","10451","32988937,27"
"2024","130","4350","500010","10451","0"
"2024","83","4416","500010","10481","0"
"2024","31","4056","899095","20101","0"
"2024","705","2500","753027","10451","8346311,14"
"2024","705","7002","803078","20121","115438616,28"
"2024","163","2130","500010","20151","0"
"2024","705","7428","753052","40711","3783502,37"
"2024","705","7473","500010","40711","11694217,52"
"2024","91","4247","501060","20061","0"
"2024","705","2500","605057","20271","10318,04"
"2024","119","2045","500010","10491","2259868,36"
"2024","143","1088","500010","20071","0"
"2024","705","2049","754025","10911","0"
"2024","705","7722","500010","40711","9252260,15"
"2024","705","7004","501060","20151","0"
"2024","85","4223","500010","40631","0"
"2024","85","4334","500010","40631","0"
"2024","705","7038","500010","40651","0"
"2024","705","7014","500010","40711","41601089,07"
"2024","705","7018","500010","40711","31802984,24"
"2024","705","7040","500010","40711","0"
"2024","138","4404","501060","40551","0"
"2024","705","7088","500010","40711","19548049,82"
"2024","705","2500","501060","20171","0"
"2024","155","4462","500010","10501","0"
"2024","66","4157","500010","10481","0"
"2024","705","7004","501060","20011","0"
"2024","147","4477","500010","10501","3911243,55"
"2024","-3","-3","N/A","20431","0"
"2024","-3","-3","N/A","40151","0"
"2024","-3","-3","N/A","40251","0"
"2024","-3","-3","N/A","20271","0"
"2024","-3","-3","N/A","20161","0"
"2024","-3","-3","501060","40711","0"
"2024","-3","-3","N/A","40321","0"
"2024","-3","-3","N/A","10071","0"
"2024","-3","-3","752083","10251","0"
"2024","-3","-3","605057","10511","0"
"2024","43","2500","500010","10081","0"
"2024","117","2500","500010","10301","0"
"2024","161","4477","500010","10501","0"
"2024","1","4310","500010","10521","0"
"2024","705","4048","500010","20071","0"
"2024","705","4106","500010","10191","0"
"2024","1","4307","500010","10521","0"
"2024","705","4097","500010","10191","0"
"2024","136","4365","500010","10251","0"
"2024","136","2061","500010","10251","0"
"2024","161","4464","500010","10501","0"
"2024","161","4454","500010","10501","0"
"2024","705","4275","500010","20301","0"
"2024","705","4271","500010","20201","0"
"2024","161","4473","500010","10501","0"
"2024","168","2096","540023","10261","0"
"2024","168","2092","500010","10261","0"
"2024","705","4319","753091","20371","0"
"2024","168","2094","500010","10261","0"
"2024","705","2024","500010","40291","0"
"2024","705","4231","799049","20011","0"
"2024","705","4443","500010","10451","0"
"2024","705","4010","500010","20121","0"
"2024","161","1084","500010","10501","0"
"2024","705","4125","500010","40291","0"
"2024","705","4147","605057","40291","0"
"2024","705","4036","899095","20271","0"
"2024","47","4381","500010","10071","0"
"2024","38","4097","500010","10191","2112519,36"
"2024","44","1012","500010","10081","0"
"2024","44","1014","500010","10081","0"
"2024","38","4105","500010","10191","2023681,69"
"2024","45","4081","500010","10191","0"
"2024","48","4356","700057","10071","0"
"2024","133","1081","500010","10221","0"
"2024","133","1077","708032","10221","0"
"2024","132","1073","708032","10221","0"
"2024","705","2500","500010","10251","64776510,31"
"2024","46","4372","500010","10251","9441009,65"
"2024","111","4420","501015","10231","3"
"2024","167","2120","500010","10261","0"
"2024","172","4545","550021","10261","0"
"2024","165","2127","570024","10261","0"
"2024","168","4519","500010","10261","0"
"2024","102","4343","719016","10271","0"
"2024","169","2128","500010","10261","0"
"2024","85","4346","500010","10301","0"
"2024","99","1036","500010","10301","0"
"2024","99","4262","500010","10301","0"
"2024","25","4038","753052","10371","0"
"2024","121","4302","500010","20211","2458236,61"
"2024","121","4298","500010","20211","98961,93"
"2024","27","4047","753072","10371","0"
"2024","7","4001","500010","20311","83752214,86"
"2024","81","4293","501060","20301","0"
"2024","705","2500","500010","20311","4042739,07"
"2024","19","4031","631024","20271","0"
"2024","705","2500","501015","20301","0"
"2024","81","4275","501060","20301","0"
"2024","7","4550","501060","20311","0"
"2024","124","4516","500010","20421","15181,56"
"2024","80","4319","753091","20371","486566,83"
"2024","121","2052","500010","30151","0"
"2024","705","7004","501060","20371","0"
"2024","125","4528","708032","20461","0"
"2024","706","4395","501060","40031","0"
"2024","141","4436","500010","40321","0"
"2024","77","4471","759059","40331","0"
"2024","65","4259","709031","40341","0"
"2024","62","4137","601093","40291","0"
"2024","69","4166","711038","10481","0"
"2024","156","4465","500010","10501","822143,69"
"2024","70","4171","500010","10481","0"
"2024","705","7004","501060","20091","0"
"2024","705","2500","753026","20101","26869294,14"
"2024","705","7001","500010","40721","0"
"2024","91","4240","500010","20061","693673,36"
"2024","91","4242","501060","20061","0"
"2024","31","4058","899095","20101","0"
"2024","31","4058","753026","20101","1013095,67"
"2024","161","4492","752082","10501","0"
"2024","8","4010","501060","20121","0"
"2024","8","4011","500010","20121","165182,6"
"2024","106","4279","500010","20201","543248,71"
"2024","130","1047","899095","10451","0"
"2024","705","7840","801042","40711","100000"
"2024","63","1021","600092","40291","0"
"2024","705","2500","899095","20201","0"
"2024","148","2079","761071","10481","0"
"2024","85","4220","899095","40631","0"
"2024","125","4549","500010","40671","0"
"2024","76","4198","500010","20151","1119973,06"
"2024","705","7104","500010","40711","1628171,38"
"2024","705","7028","500010","40711","0"
"2024","705","7044","500010","40711","744054,15"
"2024","705","7004","500010","20171","0"
"2024","705","7065","500010","40711","0"
"2024","96","4255","500010","20061","3552318,17"
"2024","96","4254","500010","20061","1075620,75"
"2024","37","2008","500010","10511","8512373"
"2024","37","2011","500010","10511","2407971,85"
"2024","705","2500","501060","20041","472672,43"
"2024","-3","-3","N/A","10401","0"
"2024","-3","-3","N/A","30151","0"
"2024","-3","-3","N/A","40101","0"
"2024","-3","-3","N/A","40111","0"
"2024","-3","-3","N/A","40711","0"
"2024","-3","-3","N/A","10501","0"
"2024","-3","-3","N/A","10051","0"
"2024","-3","-3","N/A","10941","0"
"2024","-3","-3","N/A","40421","0"
"2024","-3","-3","N/A","10011","0"
"2024","-3","-3","N/A","20041","0"
"2024","-3","-3","N/A","10101","0"
"2024","-3","-3","N/A","10631","0"
"2024","-3","-3","605057","20311","0"
"2024","109","2044","500010","10491","0"
"2024","84","4182","500010","10481","0"
"2024","34","4354","500010","10071","0"
"2024","54","4110","500010","10101","0"
"2024","109","2042","500010","10491","0"
"2024","161","4468","500010","10501","0"
"2024","705","4028","753072","10371","0"
"2024","54","4101","500010","10101","0"
"2024","109","2050","500010","10491","0"
"2024","705","4082","501015","10191","0"
"2024","705","4083","500010","10191","0"
"2024","136","4374","700073","10251","0"
"2024","102","4328","500010","10271","0"
"2024","84","4153","500010","10481","0"
"2024","705","4029","500010","20271","0"
"2024","160","7441","500010","10941","0"
"2024","84","4178","500010","10481","0"
"2024","705","4421","500010","20181","0"
"2024","705","1066","500010","20171","0"
"2024","705","4293","500010","20301","0"
"2024","705","4055","753072","20101","0"
"2024","168","2085","540023","10261","0"
"2024","168","2080","500010","10261","0"
"2024","168","2094","540023","10261","0"
"2024","705","2027","500010","40291","0"
"2024","168","2093","500010","10261","0"
"2024","705","4459","500010","20261","0"
"2024","705","4348","753027","10451","0"
"2024","32","4065","500010","10511","0"
"2024","705","4344","753027","10451","0"
"2024","705","4006","500010","20311","0"
"2024","734","7006","801043","10051","0"
"2024","705","4516","761071","20421","0"
"2024","705","4230","605057","20011","0"
"2024","705","4036","605057","20271","0"
"2024","161","4466","753052","10501","0"
"2024","161","4466","753091","10501","0"
"2024","705","7006","500010","10031","162592690,61"
"2024","705","7004","500010","10011","0"
"2024","38","4103","500010","10191","1238014,04"
"2024","33","2007","755048","10191","0"
"2024","45","4079","500010","10191","6189748,77"
"2024","125","1082","708032","10221","0"
"2024","137","4365","752082","10251","1000"
"2024","111","1053","799059","10231","5000"
"2024","116","4386","500010","10231","224333,87"
"2024","162","2083","500010","10261","2161926,24"
"2024","162","2096","500010","10261","459644,84"
"2024","137","4374","753027","10251","97144076,96"
"2024","137","4374","700073","10251","1327,37"
"2024","162","2080","540023","10261","21099729,34"
"2024","137","2063","703068","10251","0"
"2024","167","4512","569036","10261","0"
"2024","170","4534","500010","10261","0"
"2024","172","4545","500010","10261","0"
"2024","168","4524","500010","10261","0"
"2024","168","4527","551036","10261","0"
"2024","21","4037","753094","10371","0"
"2024","106","4338","500010","10271","727050,46"
"2024","106","4342","500010","10271","0"
"2024","102","4331","500010","10271","995022,96"
"2024","162","2099","500010","10261","0"
"2024","165","2105","500010","10261","0"
"2024","117","4291","500010","10301","0"
"2024","52","4114","702070","10401","0"
"2024","47","4266","500010","10301","0"
"2024","99","4261","500010","10301","3689505,71"
"2024","128","1055","500010","10301","0"
"2024","53","4094","500010","10401","0"
"2024","106","4281","500010","20201","191430,66"
"2024","65","4192","501060","20241","166647,04"
"2024","7","4017","572070","20311","0"
"2024","767","2114","799060","20361","0"
"2024","80","4317","753091","20371","181028,04"
"2024","81","4275","701069","20301","0"
"2024","12","4026","700073","20331","424780,37"
"2024","705","2500","500010","20351","0"
"2024","26","4089","500010","20351","0"
"2024","118","4439","753091","20371","0"
"2024","77","4446","500010","20431","540932,15"
"2024","78","4238","899095","20371","0"
"2024","108","4498","501060","20371","0"
"2024","56","1025","500010","20421","0"
"2024","121","4315","501060","30151","0"
"2024","10","4469","899095","20441","0"
"2024","60","4127","601064","40291","0"
"2024","24","4042","501060","40111","0"
"2024","59","2027","899095","40291","0"
"2024","82","4382","752083","40381","0"
"2024","61","4131","601064","40291","0"
"2024","62","4137","600092","40291","0"
"2024","130","4348","753027","10451","701814798,27"
"2024","161","4496","501015","10501","20"
"2024","40","4070","501060","20091","367336,08"
"2024","705","2500","500010","10721","1795261,6"
"2024","122","2138","500010","10491","0"
"2024","705","2049","500010","10911","2476,45"
"2024","91","4240","501060","20061","3776,22"
"2024","31","4054","501060","20101","0"
"2024","31","4057","899095","20101","0"
"2024","705","7006","801043","10441","0"
"2024","69","4167","711038","10481","0"
"2024","705","2500","500010","10511","104308804,18"
"2024","705","7737","500010","10915","0"
"2024","87","4212","605057","20321","237609,79"
"2024","705","7758","500010","10915","0"
"2024","56","1028","761071","20421","109746,86"
"2024","22","4387","500010","20071","618692,58"
"2024","69","4164","749059","10481","0"
"2024","705","7010","500010","10511","0"
"2024","91","4246","501060","20061","0"
"2024","146","4441","700024","10451","0"
"2024","161","4494","501015","10501","0"
"2024","32","4060","899095","10511","0"
"2024","143","1068","500010","20071","0"
"2024","705","2500","753052","20091","0"
"2024","705","7939","500010","40711","897391,97"
"2024","162","2096","540013","10261","0"
"2024","86","4415","761071","10481","0"
"2024","52","4120","701066","10401","0"
"2024","151","4453","500010","10501","1033833,81"
"2024","73","4184","761071","10481","22842,58"
"2024","705","7008","801042","40711","1203311867,6"
"2024","705","7096","500010","40711","2668188,16"
"2024","105","1062","749045","20171","0"
"2024","705","7048","500010","40711","681805876,13"
"2024","89","4234","500010","20151","32759,71"
"2024","737","1009","756047","40441","0"
"2024","70","4180","749045","40601","0"
"2024","705","7060","500010","40711","8964094,23"
"2024","147","4475","501060","10501","0"
"2024","148","2076","500010","10481","0"
"2024","-3","-3","N/A","20371","0"
"2024","-3","-3","N/A","40721","0"
"2024","-3","-3","N/A","20201","0"
"2024","-3","-3","N/A","40691","0"
"2024","-3","-3","N/A","40341","0"
"2024","-3","-3","N/A","10081","0"
"2024","-3","-3","605057","20261","0"
"2024","705","4028","709031","10371","0"
"2024","705","4095","500010","10191","0"
"2024","705","4107","500010","10191","0"
"2024","54","4102","500010","10101","0"
"2024","84","2134","500010","10481","0"
"2024","705","4078","500010","20151","0"
"2024","705","1058","500010","20171","0"
"2024","705","4317","500010","20371","0"
"2024","40","2500","753072","20091","0"
"2024","168","2098","500010","10261","0"
"2024","18","2500","500010","10711","0"
"2024","705","4229","799049","20011","0"
"2024","705","4353","500010","10451","0"
"2024","12","2500","700073","20331","0"
"2024","136","4365","501060","10251","0"
"2024","84","4182","761071","10481","0"
"2024","705","4008","605057","20121","0"
"2024","705","1068","500010","20071","0"
"2024","705","4317","753091","20371","0"
"2024","705","4135","500010","40291","0"
"2024","705","2054","501060","10031","0"
"2024","705","4149","605057","40291","0"
"2024","705","4145","600092","40291","0"
"2024","705","4143","600092","40291","0"
"2024","136","4365","706097","10251","0"
"2024","705","7007","500010","10051","2192311,9"
"2024","705","7004","500010","10051","0"
"2024","47","4381","700057","10071","0"
"2024","48","1089","899095","10071","0"
"2024","33","2007","500010","10191","0"
"2024","132","1071","500010","10221","264301,97"
"2024","48","4390","500010","10071","153426,87"
"2024","143","4472","500010","10221","414535,11"
"2024","143","4449","500010","10221","382170,7"
"2024","125","4481","500010","10221","0"
"2024","114","4394","500010","10231","383741,76"
"2024","114","4398","700024","10231","0"
"2024","137","4365","899095","10251","150000"
"2024","112","4406","500010","10231","0"
"2024","162","2083","540023","10261","305013270,41"
"2024","137","2061","500010","10251","52406306,57"
"2024","168","2126","500010","10261","0"
"2024","102","4332","700024","10271","0"
"2024","21","4028","753072","10371","439513,37"
"2024","27","4045","753029","10371","0"
"2024","162","2097","500010","10261","1135791,1"
"2024","52","4115","749009","10401","0"
"2024","85","4345","501060","10301","0"
"2024","99","1035","708032","10301","0"
"2024","152","4456","500010","20261","4986458,74"
"2024","705","2500","636068","20271","188287,8"
"2024","65","4189","753072","20241","679124,66"
"2024","52","4117","500010","10401","0"
"2024","65","4192","753072","20241","70150,83"
"2024","19","4034","500010","20271","37834432,32"
"2024","80","4318","501060","20371","0"
"2024","47","4280","500010","20301","0"
"2024","26","1018","500010","20351","0"
"2024","26","4089","570001","20351","0"
"2024","78","4202","700024","20371","0"
"2024","71","4430","500010","40251","0"
"2024","71","4025","500010","40251","0"
"2024","61","4129","600092","40291","0"
"2024","61","4129","601093","40291","0"
"2024","60","4126","500010","40291","0"
"2024","58","4121","601065","40291","0"
"2024","58","4121","601093","40291","0"
"2024","166","2112","500010","40291","0"
"2024","704","2056","501060","40611","0"
"2024","64","4149","601093","40291","0"
"2024","166","2136","500010","40291","0"
"2024","156","4466","753094","10501","9750"
"2024","705","2500","756047","20091","0"
"2024","161","4491","752082","10501","0"
"2024","131","2062","500010","10721","252422,89"
"2024","131","2066","500010","10721","0"
"2024","156","4466","753091","10501","12600"
"2024","705","7959","500010","40711","155917221,57"
"2024","705","2500","703068","20101","0"
"2024","69","4170","500010","10481","610651,13"
"2024","91","4242","500010","20061","0"
"2024","91","4244","500010","20061","1392638,56"
"2024","31","4058","753052","20101","0"
"2024","149","4451","754025","10501","0"
"2024","705","2500","500010","10631","2511769,29"
"2024","31","4056","799061","20101","0"
"2024","6","4009","799049","20121","0"
"2024","86","4414","500010","10481","0"
"2024","32","1007","500010","10511","0"
"2024","91","4246","500010","20061","949036,81"
"2024","88","4231","605057","20011","2436038,29"
"2024","106","4279","700001","20201","0"
"2024","160","4486","500010","10501","436768,71"
"2024","131","2010","500010","10721","0"
"2024","143","1086","500010","20071","0"
"2024","155","4462","899095","10501","0"
"2024","137","4365","706097","10251","6436,44"
"2024","104","4285","700001","20161","0"
"2024","151","4454","500010","10501","1657589,92"
"2024","85","4226","500010","40631","0"
"2024","51","2015","500010","20151","408507,31"
"2024","705","7027","500010","40711","0"
"2024","705","7034","500010","40711","0"
"2024","705","7049","500010","40711","43199636,26"
"2024","75","1024","500010","20151","0"
"2024","70","4179","759039","40421","0"
"2024","71","2134","500010","10481","1184161,93"
"2024","95","4251","501060","20061","0"
"2024","66","4153","500010","10481","338205,63"
"2024","83","2035","500010","10481","0"
"2024","95","4249","501060","20061","8284,05"
"2024","-3","-3","501060","10501","0"
"2024","-3","-3","N/A","20101","0"
"2024","-3","-3","N/A","40541","0"
"2024","-3","-3","N/A","40551","0"
"2024","-3","-3","N/A","10031","0"
"2024","-3","-3","752083","20301","0"
"2024","705","4098","500010","10191","0"
"2024","102","4336","500010","10271","0"
"2024","705","4387","500010","20071","0"
"2024","43","1013","500010","10081","0"
"2024","102","4338","500010","10271","0"
"2024","84","4164","500010","10481","0"
"2024","84","4167","500010","10481","0"
"2024","705","4052","501060","20251","0"
"2024","705","4446","500010","20431","0"
"2024","705","4082","500010","10191","0"
"2024","705","4121","500010","40291","0"
"2024","96","4247","500010","20061","0"
"2024","705","4054","753026","20101","0"
"2024","52","7007","500010","10401","0"
"2024","705","4032","605057","20271","0"
"2024","168","2083","500010","10261","0"
"2024","40","2500","501060","20091","0"
"2024","136","2060","501060","10251","0"
"2024","1","4309","500010","10521","0"
"2024","705","4135","605057","40291","0"
"2024","136","4365","752082","10251","0"
"2024","136","4374","753052","10251","0"
"2024","168","4512","569036","10261","0"
"2024","734","4355","501060","10051","0"
"2024","705","7006","500010","10051","9532302,42"
"2024","38","2016","500010","10191","0"
"2024","705","2500","500010","10191","33604328,01"
"2024","33","2007","753029","10191","0"
"2024","705","2500","500010","10221","5936014,49"
"2024","132","1071","708032","10221","0"
"2024","132","1072","500010","10221","129251,31"
"2024","133","1077","899095","10221","0"
"2024","108","4357","500010","10231","0"
"2024","137","4365","700024","10251","0"
"2024","111","4383","700024","10231","0"
"2024","111","4384","500010","10231","0"
"2024","111","4420","700024","10231","0"
"2024","167","2119","500010","10261","0"
"2024","43","2133","500010","10261","0"
"2024","135","2060","500010","10251","59068482,12"
"2024","135","2060","899095","10251","0"
"2024","135","2057","500010","10251","0"
"2024","137","2061","501060","10251","0"
"2024","162","2088","500010","10261","401362,72"
"2024","170","4099","500010","10261","0"
"2024","170","4532","500010","10261","0"
"2024","167","2118","500010","10261","0"
"2024","167","4508","569036","10261","0"
"2024","168","4522","500010","10261","0"
"2024","168","4523","569003","10261","0"
"2024","117","4292","500010","10301","0"
"2024","21","4037","753072","10371","0"
"2024","105","4337","500010","10271","0"
"2024","102","4332","899095","10271","0"
"2024","52","4115","500010","10401","241554645,91"
"2024","81","1037","700024","10301","0"
"2024","99","4261","702070","10301","0"
"2024","52","4113","753027","10401","23518,12"
"2024","705","2500","756047","20241","0"
"2024","27","4046","753072","10371","129478,27"
"2024","52","4120","500010","10401","0"
"2024","705","2500","501060","20211","0"
"2024","65","4191","501060","20241","399227,19"
"2024","65","4191","753072","20241","892880,62"
"2024","29","4051","501060","20251","6843236,91"
"2024","154","4460","500010","20261","2435568,25"
"2024","19","4032","500010","20271","21339169,79"
"2024","705","7004","500010","20281","0"
"2024","47","4280","501015","20301","0"
"2024","81","4272","501015","20301","0"
"2024","78","4203","753091","20371","176831,43"
"2024","56","1028","500010","20421","33235,19"
"2024","71","4429","660056","40251","0"
"2024","706","2055","501060","40031","0"
"2024","705","2500","500010","20461","447718,16"
"2024","125","4528","500010","20461","24184,7"
"2024","90","4235","501060","30041","0"
"2024","97","4236","501060","30041","0"
"2024","16","4023","501060","30051","0"
"2024","705","7004","500010","30051","0"
"2024","60","4126","600092","40291","0"
"2024","61","4131","600062","40291","0"
"2024","59","2026","500010","40291","0"
"2024","31","4151","709031","40341","0"
"2024","61","4131","601065","40291","0"
"2024","61","4131","631001","40291","0"
"2024","62","4134","500010","40291","536905,09"
"2024","63","4143","601093","40291","0"
"2024","70","4182","500010","10481","822228,88"
"2024","40","4069","753072","20091","536393,75"
"2024","130","4348","799061","10451","0"
"2024","87","4237","605057","20321","1458,62"
"2024","31","4059","899095","20101","0"
"2024","74","4196","500010","10481","0"
"2024","159","4473","500010","10501","2418698,78"
"2024","705","7700","500010","10915","0"
"2024","88","4230","605057","20011","24496,34"
"2024","705","2500","605057","20261","1612,36"
"2024","705","7004","501060","20101","0"
"2024","91","4244","501060","20061","0"
"2024","705","7428","801043","40711","1311228,29"
"2024","161","4494","752082","10501","0"
"2024","32","4060","702070","10511","0"
"2024","19","4029","605057","20271","9571,38"
"2024","137","4374","700024","10251","5875"
"2024","104","4285","700024","20161","0"
"2024","85","4432","500010","40641","0"
"2024","705","7008","500010","40711","10097479,62"
"2024","705","7023","801061","40711","2087194,2"
"2024","52","2021","501060","10401","350"
"2024","705","2500","500010","20181","2017411,14"
"2024","705","7004","501060","40551","0"
"2024","82","4526","752083","40381","0"
"2024","3","4311","500010","10521","3837746,42"
"2024","88","4231","799049","20011","71659538,78"
"2024","147","4476","500010","10501","17323601,38"
"2024","-3","-3","N/A","40091","0"
"2024","-3","-3","N/A","20261","0"
"2024","-3","-3","N/A","10511","0"
"2024","-3","-3","N/A","10481","0"
"2024","-3","-3","N/A","20171","0"
"2024","-3","-3","753052","40711","0"
"2024","-3","-3","N/A","20181","0"
"2024","-3","-3","N/A","40381","0"
"2024","-3","-3","N/A","20251","0"
"2024","-3","-3","501060","40631","0"
"2024","-3","-3","605057","10451","0"
"2024","-3","-3","N/A","N/A","219282890,04"
"2024","102","2500","500010","10271","0"
"2024","34","4390","500010","10071","0"
"2024","705","4031","500010","20271","0"
"2024","109","2043","500010","10491","0"
"2024","136","4374","753027","10251","0"
"2024","705","4034","500010","20271","0"
"2024","109","2045","500010","10491","0"
"2024","161","4465","500010","10501","0"
"2024","705","4239","500010","10011","0"
"2024","705","4302","500010","20211","0"
"2024","84","4166","500010","10481","0"
"2024","96","4240","500010","20061","0"
"2024","96","4251","500010","20061","0"
"2024","705","4058","753072","20101","0"
"2024","705","4051","501060","20251","0"
"2024","96","4243","500010","20061","0"
"2024","705","1028","500010","20421","0"
"2024","161","4485","500010","10501","0"
"2024","705","4318","500010","20371","0"
"2024","705","4460","500010","20261","0"
"2024","32","4066","500010","10511","0"
"2024","705","2024","605057","40291","0"
"2024","705","4442","753027","10451","0"
"2024","705","4133","605057","40291","0"
"2024","734","7006","801042","10051","0"
"2024","705","4031","605057","20271","0"
"2024","84","4178","761071","10481","0"
"2024","705","4443","605057","10451","0"
"2024","705","4318","753091","20371","0"
"2024","705","4276","500010","20201","0"
"2024","40","4071","501060","20091","0"
"2024","705","4143","500010","40291","0"
"2024","161","4475","501060","10501","0"
"2024","705","4035","899095","20271","0"
"2024","114","4399","761071","10231","0"
"2024","705","4513","703068","20071","0"
"2024","729","4239","500010","10011","262283029,9"
"2024","705","7006","801043","10011","28651875,89"
"2024","705","7006","500010","10091","14718758,35"
"2024","705","7006","801043","10091","54329707,9"
"2024","55","4101","500010","10101","54137,17"
"2024","33","2006","753029","10191","0"
"2024","133","1090","500010","10221","232035,99"
"2024","110","4363","500010","10231","583285,13"
"2024","108","4359","500010","10231","117977,62"
"2024","133","1075","708032","10221","0"
"2024","170","4536","500010","10261","0"
"2024","167","4511","500010","10261","0"
"2024","167","1092","500010","10261","0"
"2024","167","2123","500010","10261","0"
"2024","168","4520","500010","10261","0"
"2024","103","4326","500010","10271","0"
"2024","168","4523","569036","10261","0"
"2024","21","4028","700024","10371","0"
"2024","100","4324","899095","10271","0"
"2024","100","4328","500010","10271","78385,92"
"2024","172","4548","550021","10261","0"
"2024","106","4339","500010","10271","0"
"2024","81","1037","500010","10301","0"
"2024","99","4265","500010","10301","2664371,13"
"2024","52","4112","753027","10401","0"
"2024","52","4113","702070","10401","0"
"2024","47","4200","753072","20241","0"
"2024","705","7007","500010","10401","349321843,31"
"2024","726","4033","500010","10441","0"
"2024","65","4191","899095","20241","0"
"2024","65","4194","501060","20241","280173,08"
"2024","65","4195","700024","20241","0"
"2024","81","4530","500010","20301","0"
"2024","81","4293","708032","20301","0"
"2024","705","2500","501060","20301","0"
"2024","81","4268","720033","20301","0"
"2024","7","4004","500010","20311","0"
"2024","121","4295","500010","30151","0"
"2024","121","4297","500010","30151","0"
"2024","71","4434","660056","40251","0"
"2024","706","2025","760077","40031","1000"
"2024","706","4395","700024","40031","0"
"2024","77","4273","501060","20461","0"
"2024","705","2500","702067","30041","0"
"2024","90","4235","700001","30041","0"
"2024","16","4020","500010","30051","0"
"2024","59","4458","500010","40291","0"
"2024","64","4149","500010","40291","1556771,3"
"2024","63","4147","500010","40291","2754634,23"
"2024","63","4144","600092","40291","0"
"2024","69","4163","500010","10481","0"
"2024","69","4163","711038","10481","0"
"2024","161","4491","500010","10501","13207996,58"
"2024","130","4348","501060","10451","0"
"2024","122","2051","500010","10491","317848,08"
"2024","40","4070","700024","20091","0"
"2024","705","7957","801042","40711","470000000"
"2024","705","7004","501060","40711","0"
"2024","705","2500","701069","20101","0"
"2024","88","4229","799049","20011","17246524,74"
"2024","160","4485","501060","10501","0"
"2024","705","7225","501060","40711","46770395,83"
"2024","73","4185","500010","10481","0"
"2024","705","7043","500010","10916","2400434,04"
"2024","705","7658","500010","10916","4883742,95"
"2024","69","4168","500010","10481","0"
"2024","146","4441","753027","10451","6070369,6"
"2024","119","2046","500010","10491","0"
"2024","705","2500","500010","10481","6309911,75"
"2024","32","1052","500010","10511","0"
"2024","705","7004","501060","20071","36112,79"
"2024","96","4255","700024","20061","0"
"2024","66","4153","761071","10481","648064,51"
"2024","102","4269","500010","20201","713641,16"
"2024","52","4113","700024","10401","0"
"2024","1","4306","500010","10521","232818,43"
"2024","103","4421","501060","20181","0"
"2024","85","4227","500010","40631","0"
"2024","42","4077","500010","20151","0"
"2024","102","1058","500010","20171","188819,68"
"2024","705","7089","500010","40711","906433,57"
"2024","705","7091","500010","40711","1211548,58"
"2024","137","4374","753052","10251","587,5"
"2024","705","2500","501060","20181","0"
"2024","95","4251","500010","20061","1467545,17"
"2024","96","4257","500010","20061","260103,36"
"2024","705","2500","500010","20061","5164203,12"
"2024","705","2500","501060","20061","8869,92"
"2024","-3","-3","N/A","10371","0"
"2024","-3","-3","N/A","20281","0"
"2024","-3","-3","N/A","10441","0"
"2024","-3","-3","605057","20321","0"
"2024","114","4383","500010","10231","0"
"2024","705","4017","572070","20311","0"
"2024","54","2500","500010","10101","0"
"2024","705","4056","753072","20101","0"
"2024","161","4448","500010","10501","0"
"2024","705","4203","500010","20371","0"
"2024","705","4456","500010","20261","0"
"2024","705","4378","753027","10451","0"
"2024","705","4121","605057","40291","0"
"2024","705","4348","500010","10451","0"
"2024","705","4011","500010","20121","0"
"2024","705","1028","761071","20421","0"
"2024","84","4153","761071","10481","0"
"2024","705","4202","753091","20371","0"
"2024","84","4184","761071","10481","0"
"2024","705","4149","500010","40291","0"
"2024","705","4143","605057","40291","0"
"2024","1","4312","500010","10521","0"
"2024","114","1053","799059","10231","0"
"2024","96","4240","501060","20061","0"
"2024","705","4011","501060","20121","0"
"2024","160","7024","500010","10941","0"
"2024","705","4137","500010","40291","0"
"2024","705","4137","605057","40291","0"
"2024","706","2054","501060","10031","8859929,35"
"2024","746","2009","501060","10021","0"
"2024","760","2145","500010","10021","158,1"
"2024","34","4341","500010","10071","255963,54"
"2024","38","2019","500010","10191","0"
"2024","38","4107","500010","10191","0"
"2024","132","4474","500010","10221","181211,36"
"2024","133","1091","500010","10221","225726,31"
"2024","110","4363","700024","10231","0"
"2024","114","4393","500010","10231","170150,72"
"2024","162","2089","500010","10261","150191,99"
"2024","162","2080","500010","10261","280685,84"
"2024","162","2092","500010","10261","1478070,72"
"2024","162","2094","540023","10261","43797185,55"
"2024","168","4519","550021","10261","0"
"2024","103","4322","500010","10271","707552,29"
"2024","105","4336","500010","10271","227782,26"
"2024","103","4329","500010","10271","0"
"2024","705","2500","500010","10301","4722502,71"
"2024","172","4548","500010","10261","0"
"2024","705","2500","500010","10271","5163961,37"
"2024","163","2100","550021","10261","0"
"2024","52","4115","700024","10401","0"
"2024","99","1039","500010","10301","0"
"2024","52","4119","500010","10401","21991865,05"
"2024","52","4119","501060","10401","6437,6"
"2024","121","4299","500010","20211","570929,23"
"2024","52","4114","500010","10401","185176018,87"
"2024","65","4187","899095","20241","0"
"2024","705","7004","753091","20241","0"
"2024","81","4385","500010","20301","0"
"2024","81","4385","501015","20301","0"
"2024","7","4017","500010","20311","43858020,43"
"2024","47","4280","752083","20301","0"
"2024","81","4275","752083","20301","0"
"2024","7","4001","570001","20311","0"
"2024","7","4002","570001","20311","0"
"2024","118","4439","500010","20371","0"
"2024","124","4323","500010","20421","0"
"2024","705","7004","500010","20421","0"
"2024","78","4206","753091","20371","165514,19"
"2024","77","4273","500010","20461","246735,51"
"2024","97","1034","702067","30041","0"
"2024","705","2500","500010","30051","0"
"2024","16","4021","501060","30051","0"
"2024","58","1020","500010","40291","0"
"2024","58","4121","601064","40291","0"
"2024","706","4395","759061","40031","0"
"2024","706","4395","702070","40031","0"
"2024","61","4130","631024","40291","0"
"2024","20","4444","501060","40621","0"
"2024","65","4263","709031","40341","0"
"2024","65","4264","709031","40341","0"
"2024","82","4201","752083","40381","0"
"2024","61","4131","600092","40291","0"
"2024","166","2135","500010","40291","0"
"2024","63","1021","500010","40291","0"
"2024","40","4069","899095","20091","0"
"2024","41","4071","753072","20091","44085,06"
"2024","70","4177","700024","10481","0"
"2024","32","4060","703074","10511","0"
"2024","32","4063","500010","10511","0"
"2024","156","4466","753059","10501","7650"
"2024","705","2500","500010","10541","2150434,45"
"2024","705","7957","801043","40711","132383036,26"
"2024","91","4243","500010","20061","586294,13"
"2024","31","4058","500010","20101","0"
"2024","31","4059","753026","20101","4673122,57"
"2024","134","1054","500010","10451","0"
"2024","134","4375","700001","10451","0"
"2024","106","4276","500010","20201","81281,42"
"2024","19","4031","605057","20271","3176101,91"
"2024","131","2070","500010","10721","902815,82"
"2024","705","7312","501060","40711","8471647,35"
"2024","32","1005","500010","10511","0"
"2024","88","4229","605057","20011","98494,26"
"2024","705","7428","801042","40711","528233,36"
"2024","705","2500","756047","20071","0"
"2024","119","2045","501015","10491","0"
"2024","32","4060","700002","10511","0"
"2024","705","7225","500010","40711","24189984,09"
"2024","705","7840","801043","40711","214484,02"
"2024","62","4137","605057","40291","440,97"
"2024","135","2060","501060","10251","4500"
"2024","705","2500","761071","10481","3306538,16"
"2024","104","4285","500010","20161","173250,43"
"2024","134","2071","713057","40691","0"
"2024","66","4154","761071","10481","237845,72"
"2024","103","4423","500010","20181","0"
"2024","85","4223","501060","40631","0"
"2024","705","2500","605057","20011","1114,57"
"2024","157","4463","500010","10501","1165803,09"
"2024","67","4159","714057","40701","0"
"2024","705","7005","500010","40711","0"
"2024","103","1061","500010","20171","0"
"2024","161","4492","500010","10501","0"
"2024","705","7031","500010","40711","0"
"2024","705","7055","500010","40711","48158,52"
"2024","105","4425","500010","20181","1715300,91"
"2024","705","7529","801043","40711","195876,48"
"2024","705","2500","899095","10481","0"
"2024","4","4313","500010","10521","3540602,73"
"2024","84","2037","500010","10481","0"
"2024","147","4475","754025","10501","0"
"2024","-3","-3","N/A","40031","0"
"2024","-3","-3","N/A","20441","0"
"2024","-3","-3","N/A","40291","0"
"2024","-3","-3","N/A","40701","0"
"2024","-3","-3","N/A","40451","0"
"2024","-3","-3","N/A","10915","0"
"2024","-3","-3","N/A","20361","0"
"2024","-3","-3","N/A","10091","0"
"2024","-3","-3","752083","10191","0"
"2024","705","4095","753027","10191","0"
"2024","1","4311","500010","10521","0"
"2024","133","4472","500010","10221","0"
"2024","114","4363","500010","10231","0"
"2024","1","4313","500010","10521","0"
"2024","705","4093","500010","20151","0"
"2024","705","4281","500010","20201","0"
"2024","705","4059","753072","20101","0"
"2024","168","2090","500010","10261","0"
"2024","32","2500","500010","10511","0"
"2024","32","2008","500010","10511","0"
"2024","117","4208","500010","10301","0"
"2024","705","4319","501060","20371","0"
"2024","114","4420","500010","10231","0"
"2024","168","2088","500010","10261","0"
"2024","136","4365","899095","10251","0"
"2024","705","4440","753091","20371","0"
"2024","705","4035","633070","20271","0"
"2024","161","4470","500010","10501","0"
"2024","705","2053","501060","10031","0"
"2024","136","4365","749009","10251","0"
"2024","705","4387","756047","20071","0"
"2024","96","2500","501060","20061","0"
"2024","734","1019","501060","10051","0"
"2024","734","4355","500010","10051","41"
"2024","705","7006","801043","10021","44330855,77"
"2024","54","4104","500010","10101","508650,73"
"2024","108","4361","500010","10231","79969,06"
"2024","137","4365","501060","10251","0"
"2024","112","4408","500010","10231","0"
"2024","114","4396","700024","10231","0"
"2024","136","2058","500010","10251","3824181,1"
"2024","137","2063","899095","10251","0"
"2024","133","1076","500010","10221","0"
"2024","133","1076","708032","10221","0"
"2024","172","4543","500010","10261","0"
"2024","168","2125","500010","10261","0"
"2024","168","4521","500010","10261","0"
"2024","102","4343","500010","10271","1380342,19"
"2024","168","4523","550021","10261","0"
"2024","117","4292","899059","10301","0"
"2024","85","4208","501060","10301","0"
"2024","99","1038","708032","10301","0"
"2024","25","4038","899095","10371","0"
"2024","705","7004","500010","20211","0"
"2024","19","4030","500010","20271","36777158,94"
"2024","52","4140","899095","10401","0"
"2024","52","2021","500010","10401","14262081,49"
"2024","705","2500","500010","20211","389766,52"
"2024","65","4194","753072","20241","89319,5"
"2024","81","4287","899095","20301","0"
"2024","705","2009","799060","20361","0"
"2024","705","2500","500010","20371","10747002,59"
"2024","80","4318","500010","20371","1208251,04"
"2024","67","4300","500010","20281","244961,82"
"2024","78","4203","500010","20371","6718413,72"
"2024","78","4203","501060","20371","0"
"2024","77","4447","899095","20431","0"
"2024","26","4086","570024","20351","0"
"2024","26","4090","500010","20351","0"
"2024","112","4440","501060","20371","0"
"2024","705","2500","500010","20431","966392,84"
"2024","80","4319","501060","20371","612,81"
"2024","705","2500","500010","30151","0"
"2024","121","4294","500010","30151","0"
"2024","121","4316","501060","30151","0"
"2024","56","1025","700001","20421","0"
"2024","121","4315","500010","30151","0"
"2024","705","2500","500010","30041","0"
"2024","16","4019","500010","30051","0"
"2024","113","4401","501060","40171","0"
"2024","166","2137","500010","40291","0"
"2024","58","4121","500010","40291","3257465,78"
"2024","58","4122","500010","40291","0"
"2024","73","2075","501060","40101","0"
"2024","24","4043","501060","40111","0"
"2024","63","4145","500010","40291","2996802,84"
"2024","85","4216","500010","40631","0"
"2024","62","4137","500010","40291","696031,86"
"2024","64","4148","600092","40291","0"
"2024","130","1048","500010","10451","0"
"2024","41","4071","501060","20091","209219,56"
"2024","70","4173","700024","10481","0"
"2024","70","4174","700024","10481","0"
"2024","32","4060","500010","10511","695090818,88"
"2024","705","7957","801044","40711","0"
"2024","36","4065","500010","10511","32042429,27"
"2024","705","2500","799049","20011","9514385,59"
"2024","31","4054","753026","20101","85886,13"
"2024","39","4410","799050","20011","0"
"2024","149","4448","500010","10501","630655,66"
"2024","149","4451","500010","10501","1673538,03"
"2024","19","4036","605057","20271","3070055,55"
"2024","705","2018","500010","20121","1192322,47"
"2024","8","4010","500010","20121","196759,81"
"2024","134","4378","500010","10451","9237750,4"
"2024","705","7002","500010","20121","0"
"2024","705","2017","500010","20121","1428670,15"
"2024","22","4513","500010","20071","68519592,77"
"2024","69","4164","711038","10481","0"
"2024","69","4165","500010","10481","178497,09"
"2024","42","4078","500010","20151","3803794,58"
"2024","42","4080","500010","20151","2536287,34"
"2024","32","1006","500010","10511","0"
"2024","160","4488","500010","10941","0"
"2024","129","4344","753027","10451","308578,4"
"2024","160","4487","500010","10501","1871708,47"
"2024","119","2043","500010","10491","205602,17"
"2024","705","2500","753072","20091","8678228,7"
"2024","705","7617","801042","40711","39424,4"
"2024","999","9999","500010","10991","0"
"2024","39","2012","799049","20011","4493589,73"
"2024","705","2500","605057","40291","0"
"2024","63","4145","605057","40291","9419,16"
"2024","22","4387","756047","20071","0"
"2024","705","2500","500010","20161","863422,81"
"2024","146","4441","605057","10451","5629,13"
"2024","103","4422","500010","20181","0"
"2024","85","4224","500010","40631","0"
"2024","106","1067","500010","20171","0"
"2024","105","1062","700024","20171","0"
"2024","52","4119","701066","10401","0"
"2024","52","4115","706097","10401","0"
"2024","738","4256","501060","40451","0"
"2024","738","4256","756047","40451","0"
"2024","3","4310","500010","10521","1480859,8"
"2024","705","2500","500010","10521","3119596,37"
"2024","705","7004","500010","20011","0"
"2024","1","4304","500010","10521","1187555,52"
"2024","-3","-3","N/A","20461","0"
"2024","-3","-3","N/A","20011","0"
"2024","-3","-3","N/A","20121","0"
"2024","-3","-3","N/A","40671","0"
"2024","-3","-3","N/A","40621","0"
"2024","-3","-3","753091","10501","0"
"2024","-3","-3","501060","10401","0"
"2024","-3","-3","753059","10501","0"
"2024","34","2500","500010","10071","0"
"2024","114","4359","500010","10231","0"
"2024","114","4403","500010","10231","0"
"2024","161","4475","500010","10501","0"
"2024","705","4038","709031","10371","0"
"2024","1","4308","500010","10521","0"
"2024","705","4202","500010","20371","0"
"2024","705","4233","500010","20151","0"
"2024","161","4451","500010","10501","0"
"2024","28","2500","500010","10541","0"
"2024","161","4487","500010","10501","0"
"2024","705","4273","500010","20461","0"
"2024","705","4344","500010","10451","0"
"2024","705","2012","799049","20011","0"
"2024","705","4455","500010","20261","0"
"2024","32","2011","500010","10511","0"
"2024","133","1073","500010","10221","0"
"2024","136","4365","703068","10251","0"
"2024","705","4340","501060","20041","0"
"2024","705","4353","605057","10451","0"
"2024","32","2008","605057","10511","0"
"2024","705","1069","500010","20071","0"
"2024","52","4142","500010","10401","0"
"2024","705","4147","500010","40291","0"
"2024","161","4466","753059","10501","0"
"2024","705","4147","600092","40291","0"
"2024","84","4158","761071","10481","0"
"2024","136","4365","700024","10251","0"
"2024","96","4241","501060","20061","0"
"2024","161","4496","703074","10501","0"
"2024","705","4031","501015","20271","0"
