2023;0001;4007;10   ;02071;100022370,42;99957747,70;99916378,34
2023;0001;4008;10   ;02071;9663975,01;9634528,10;9605679,26
2023;0001;4009;10   ;02071;135709356,22;135708758,64;135688339,52
2023;0001;4010;10   ;02071;66399405,48;57305170,82;57276120,18
2023;0001;4010;24   ;02071;3235003,93;3235003,93;3235003,93
2023;0001;4098;10   ;02071;5336275,41;5135825,37;5098457,99
2023;0001;4098;24   ;02071;963225,85;943583,05;943557,85
2023;0001;4098;68   ;02071;62132,34;61727,85;60861,44
2023;0002;4001;10   ;02121;420744880,13;412913250,29;406118473,28
2023;0002;4001;49   ;02121;34505878,84;34505878,84;34096469,45
2023;0002;4001;50   ;02121;2620491,52;2620491,52;1854232,02
2023;0002;4001;60   ;02121;319521347,06;264106755,38;257625060,34
2023;0002;4002;10   ;02121;28139272,50;28074809,66;27614785,59
2023;0002;4002;60   ;02121;23787676,41;20035803,44;19670252,91
2023;0003;4004;10   ;02121;478242,82;478242,82;478242,82
2023;0003;4004;60   ;02121;26109382,98;23293238,85;15771257,87
2023;0003;4005;10   ;02121;833622,84;833622,84;776625,06
2023;0003;4005;60   ;02121;283885,28;224817,86;199120,84
2023;0004;4006;60   ;04541;327310,98;327310,98;320259,33
2023;0005;1004;10   ;01511;795782,26;565999,94;563218,85
2023;0005;1039;10   ;01511;440605,22;282394,21;280865,92
2023;0005;1039;15   ;01511;19953,86;19238,36;19210,81
2023;0005;1039;24   ;01511;3776,00;3776,00;3776,00
2023;0005;1046;15   ;01511;45269,27;44099,27;43809,53
2023;0005;1046;95   ;01511;126436,10;126436,10;126436,10
2023;0005;1068;1    ;01511;179013,62;179013,62;178518,62
2023;0005;4022;1    ;01511;731406,00;731406,00;701567,21
2023;0005;4022;10   ;01511;314634866,64;314478511,86;314376855,64
2023;0005;4022;15   ;01511;34535,00;34535,00;34120,58
2023;0005;4022;46   ;01511;423428,82;423428,82;421215,21
2023;0005;4025;1    ;01511;1333107,26;1333107,26;1303130,62
2023;0005;4025;10   ;01511;1159930033,25;1156396157,79;1149889650,63
2023;0005;4025;11   ;01511;843085357,17;843085357,17;843085357,17
2023;0005;4025;15   ;01511;677114,87;456346,37;434723,74
2023;0005;4025;2    ;01511;25245877,59;25245877,59;25243455,73
2023;0005;4025;24   ;01511;2669217,28;1916771,60;1908028,84
2023;0005;4025;45   ;01511;6524,35;6524,35;6446,06
2023;0005;4025;46   ;01511;293591,17;260440,50;249467,85
2023;0005;4025;70   ;01511;302040,19;296264,19;295267,63
2023;0005;4025;9    ;01511;0,00;0,00;0,00
2023;0005;4025;95   ;01511;1583955,57;1475324,80;1370664,45
2023;0005;4025;97   ;01511;400628,96;75284,57;75024,81
2023;0005;4533;95   ;01511;305725,46;305725,46;283407,48
2023;0006;1069;95   ;01511;15458438,71;15458438,71;14550124,22
2023;0006;4222;1    ;01511;0,00;0,00;0,00
2023;0006;4222;10   ;01511;55827934,01;55792894,93;55785030,42
2023;0007;2002;10   ;01511;5671006,41;5668519,65;5668519,65
2023;0007;2003;10   ;01511;125579214,71;125471410,95;125463503,72
2023;0007;2003;60   ;01511;461690,70;461690,70;461690,70
2023;0007;2004;1    ;01511;350000,00;350000,00;345800,00
2023;0007;2004;10   ;01511;19815094,49;19756314,67;19748744,25
2023;0007;2004;15   ;01511;0,00;0,00;0,00
2023;0007;2004;24   ;01511;2032,18;2032,18;2032,18
2023;0008;4105;10   ;01501;17000000,00;17000000,00;17000000,00
2023;0008;4105;10   ;01511;920684,60;920684,60;920684,60
2023;0008;4105;15   ;01501;92010,20;92010,20;92010,20
2023;0008;4105;60   ;01501;54110374,22;50421547,79;50118443,50
2023;0008;4105;60   ;01511;49067569,67;49067569,67;48783472,11
2023;0008;4124;10   ;01511;740281,87;740281,87;724250,12
2023;0008;4124;15   ;01501;351959,32;299919,95;287931,73
2023;0008;4124;82   ;01501;14030948,07;14030948,07;13100811,34
2023;0008;4124;82   ;01511;26455119,25;26455119,25;25621748,28
2023;0008;4135;10   ;01501;25170625,26;25170625,26;25170625,26
2023;0008;4135;10   ;01511;123693338,20;123692385,36;122894950,58
2023;0008;4135;15   ;01501;14855213,61;13348522,94;12103530,59
2023;0008;4135;60   ;01501;22500000,00;22500000,00;21139659,06
2023;0008;4135;60   ;01511;18000000,00;18000000,00;17160386,32
2023;0009;1026;10   ;01541;2838519,44;2838519,44;2838120,92
2023;0009;4014;10   ;01541;9038648,97;9029934,36;9002459,45
2023;0009;4015;10   ;01541;2899130,27;2899130,27;2842489,96
2023;0010;2026;49   ;02011;11167056,04;11167056,04;11167056,04
2023;0010;2026;50   ;02011;10355365,14;10355365,14;9377333,44
2023;0010;2026;57   ;02011;1080,00;1080,00;1080,00
2023;0010;4075;50   ;02011;8214301,75;8214301,75;8083002,86
2023;0010;4077;49   ;02011;90147923,22;90147923,22;89713947,30
2023;0010;4077;50   ;02011;180870667,68;180850907,21;179662757,81
2023;0010;4077;60   ;02011;190099095,50;189961897,25;189671831,13
2023;0010;4078;49   ;02011;34234126,18;34227589,60;33963827,09
2023;0010;4078;50   ;02011;204312760,34;204312760,34;197788751,20
2023;0011;4083;49   ;02011;32792569,67;32792569,67;32792569,67
2023;0011;4083;50   ;02011;11088723,01;11088603,22;10248087,98
2023;0011;4083;57   ;02011;17116,95;17116,95;17116,95
2023;0011;4085;49   ;02011;14945832,68;14945832,68;14945832,68
2023;0011;4085;50   ;02011;8091933,53;8091933,53;7459635,11
2023;0011;4085;57   ;02011;12398,05;12398,05;12398,05
2023;0011;4087;49   ;02011;152171708,39;152171708,39;152171708,39
2023;0011;4087;50   ;02011;206864021,90;205805514,36;188936316,85
2023;0011;4087;57   ;02011;1098345,53;1098345,53;1098345,53
2023;0011;4194;49   ;02011;34314119,78;34314119,78;34314119,78
2023;0011;4194;50   ;02011;14619252,41;14618745,04;12860974,50
2023;0011;4194;57   ;02011;21032,12;21032,12;21032,12
2023;0011;4229;50   ;02011;2646635,53;2646635,53;2586307,75
2023;0011;4246;50   ;02011;12312263,47;12312263,47;12312263,47
2023;0012;1010;95   ;01101;106583,47;106583,47;102297,00
2023;0012;1015;10   ;01101;464294,05;464294,05;460408,09
2023;0014;4047;10   ;01101;189773,29;189773,29;189218,98
2023;0014;4362;10   ;01101;366965,19;366965,19;365796,49
2023;0015;4096;10   ;01101;8476934,72;8476934,72;8404470,63
2023;0015;4368;10   ;01101;113326,10;113326,10;113071,70
2023;0016;4031;10   ;01101;392429,59;392429,59;392429,59
2023;0018;4026;10   ;03051;26587587,00;26587587,00;26587587,00
2023;0018;4026;60   ;03051;45203,60;45203,60;45203,60
2023;0020;4030;60   ;02251;23369065,59;23365956,71;22999953,35
2023;0020;4043;60   ;02251;607112,00;607112,00;607112,00
2023;0021;4065;10   ;02351;353280214,27;350716748,53;343342907,20
2023;0021;4065;15   ;02351;99778,70;99778,70;98591,38
2023;0021;4065;24   ;02351;376840,17;331488,40;329921,41
2023;0021;4065;97   ;02351;69068,95;69068,95;69068,95
2023;0021;4067;10   ;02351;5866214,47;5863314,47;5863133,31
2023;0021;4068;10   ;02351;601354,11;601354,11;600380,25
2023;0021;4069;1    ;02351;4856,00;4856,00;4856,00
2023;0021;4069;10   ;02351;4964235,39;4953929,14;4952639,71
2023;0021;4093;10   ;02351;12006166,18;12006166,18;12006166,18
2023;0021;4093;15   ;02351;202375,00;202375,00;202375,00
2023;0022;4035;1    ;03051;181431,10;181431,10;181431,10
2023;0022;4035;10   ;03051;54423830,93;54423830,93;54423830,93
2023;0022;4035;15   ;03051;135000,00;135000,00;135000,00
2023;0022;4035;24   ;03051;729234,67;729234,67;729234,67
2023;0022;4035;47   ;03051;234588,96;234588,96;234588,96
2023;0022;4035;59   ;03051;66256,04;66256,04;66256,04
2023;0022;4035;60   ;03051;6653457,47;6653457,47;6653457,47
2023;0022;4035;70   ;03051;48281,83;48281,83;48281,83
2023;0022;4035;97   ;03051;166459,56;166459,56;166459,56
2023;0022;4036;10   ;03051;1846234,14;1846234,14;1846234,14
2023;0022;4036;60   ;03051;100368,00;100368,00;100368,00
2023;0022;4037;10   ;03051;5195767,97;5195767,97;5195767,97
2023;0022;4037;60   ;03051;2421537,45;2421537,45;2421537,45
2023;0022;4038;10   ;03051;1313453,09;1313453,09;1313453,09
2023;0022;4038;60   ;03051;519933,73;519933,73;519933,73
2023;0022;4039;10   ;03051;1728362,83;1728362,83;1728362,83
2023;0022;4039;60   ;03051;567073,92;567073,92;567073,92
2023;0022;4040;10   ;03051;2065086,35;2065086,35;2065086,35
2023;0022;4040;60   ;03051;1034412,21;1034412,21;1034412,21
2023;0023;4082;60   ;02011;912264,39;912264,39;912264,39
2023;0024;2006;10   ;01491;1742190,88;1739315,93;1717551,12
2023;0024;2007;10   ;01491;24773528,50;24643699,27;24638423,59
2023;0024;2007;15   ;01491;95127141,11;93211011,70;93211011,70
2023;0024;2008;10   ;01491;7869308,30;7869308,30;7573941,38
2023;0024;2090;10   ;01491;403921534,91;403921534,91;403921534,91
2023;0025;4081;60   ;04551;69586148,12;69580944,77;69580944,77
2023;0026;1001;50   ;02011;252656,00;252656,00;241336,45
2023;0026;1002;60   ;02121;2064,00;2064,00;2064,00
2023;0026;1007;10   ;02271;40138,66;40138,66;40138,66
2023;0026;1007;70   ;02271;1089881,37;1089881,37;1089881,37
2023;0026;1021;10   ;01451;294671,93;294671,93;294671,93
2023;0027;2012;10   ;01491;3734932,75;3734932,75;3734280,05
2023;0027;4044;10   ;01491;39863,67;39863,67;39863,67
2023;0027;4045;10   ;01491;24033,47;24033,47;22879,86
2023;0028;2013;10   ;01491;1977514,23;1977514,23;1977514,23
2023;0028;2014;10   ;01491;2215515,87;2215515,87;2215515,87
2023;0028;2015;10   ;01491;271524,51;271524,51;239882,61
2023;0028;2015;10   ;01721;3274590,77;3110542,42;3095428,98
2023;0029;4021;95   ;04631;8246288,68;8246288,68;8147333,22
2023;0029;4032;60   ;04631;37666281,63;37666281,63;37214286,25
2023;0029;4136;10   ;01301;3936211,71;3936211,71;3930437,86
2023;0029;4136;74   ;01301;0,00;0,00;0,00
2023;0029;4137;10   ;01301;1328377,99;1328377,99;1282488,28
2023;0029;4137;60   ;01301;288001,48;288001,48;274177,41
2023;0029;4138;10   ;01301;451084,77;451084,77;415228,93
2023;0029;4393;10   ;04631;51301539,86;45082570,21;43436232,32
2023;0029;4478;10   ;02301;740248,92;740248,92;740248,92
2023;0029;4478;32   ;02301;1000000,00;1000000,00;984999,99
2023;0029;4478;60   ;01301;0,00;0,00;0,00
2023;0029;4478;60   ;02301;350000,00;350000,00;344749,99
2023;0029;4478;83   ;02301;3904026,38;3904026,38;3776769,55
2023;0029;4485;10   ;04631;17506055,91;17506055,91;17390310,52
2023;0029;4486;10   ;04631;114430221,58;114430221,58;107729908,92
2023;0029;4487;10   ;04631;0,00;0,00;0,00
2023;0029;4487;59   ;04631;5270944,14;5023999,55;2854545,28
2023;0029;4489;10   ;04631;33740717,73;33740717,73;31016529,55
2023;0029;4490;10   ;04631;24945906,84;24945906,84;22651520,98
2023;0029;4491;10   ;04631;13903690,76;13903690,76;12066850,39
2023;0031;1083;95   ;01521;29661,00;29661,00;29516,68
2023;0031;4046;10   ;01521;18686141,07;18678034,92;18670473,50
2023;0031;4051;10   ;01521;2180292,00;2180292,00;2180192,34
2023;0031;4066;10   ;01521;2632134,20;2632134,20;2632134,20
2023;0031;4072;10   ;01521;533148,05;533148,05;533148,05
2023;0032;4055;10   ;01521;3491753,70;3491753,70;3491724,04
2023;0032;4056;10   ;01521;3759917,93;3759917,93;3742895,33
2023;0032;4056;95   ;01521;0,00;0,00;0,00
2023;0032;4073;10   ;01521;2257476,80;2257476,80;2257408,62
2023;0033;1084;95   ;01521;79750,40;79750,40;78554,14
2023;0033;4059;10   ;01521;9837450,97;9837444,82;9837375,51
2023;0033;4060;10   ;01521;3993036,48;3992163,90;3991810,70
2023;0033;4061;10   ;01521;4120254,20;4115318,75;4111787,66
2023;0034;2032;1    ;01251;3,00;3,00;3,00
2023;0034;2032;10   ;01251;130175928,46;129483428,33;129160897,49
2023;0034;2032;24   ;01251;86921,70;86921,70;86290,76
2023;0034;2032;69   ;01251;774,08;774,08;774,08
2023;0034;2082;10   ;01251;3158951,97;2737301,10;2589041,69
2023;0034;2082;68   ;01251;39380,00;39380,00;39380,00
2023;0034;2082;70   ;01251;12912,00;12912,00;12912,00
2023;0034;4048;1    ;01251;3930601,13;3930601,13;3809139,97
2023;0034;4048;10   ;01251;3681865100,37;3679344938,53;3675686576,43
2023;0034;4048;15   ;01251;115966726,14;115966726,14;115966726,14
2023;0034;4048;2    ;01251;21615285,62;20945285,62;20693762,20
2023;0034;4048;24   ;01251;560037,94;363814,51;363441,91
2023;0034;4048;45   ;01251;36497,86;22608,86;22557,56
2023;0034;4048;60   ;01251;1452729,22;1446423,73;1427851,01
2023;0034;4048;68   ;01251;90597,91;90597,91;89822,34
2023;0034;4048;69   ;01251;451141,18;325220,64;323499,59
2023;0034;4048;70   ;01251;4231374,47;4088088,25;3863487,02
2023;0034;4048;9    ;01251;80607,98;7818,98;0,00
2023;0034;4048;95   ;01251;850497,70;850497,70;754494,31
2023;0034;4048;97   ;01251;2591936,45;2421871,11;2358014,00
2023;0034;4057;10   ;01251;9021064,98;9021064,98;9021064,98
2023;0034;4057;27   ;01251;129696717,49;129696717,49;129696717,49
2023;0034;4057;70   ;01251;4932205,80;4822071,56;4779532,23
2023;0034;4057;73   ;01251;21030328,89;20891268,73;20409469,28
2023;0034;4057;82   ;01251;8338600,70;8227063,87;8051132,86
2023;0034;4057;83   ;01251;11997367,08;11984886,58;11904446,86
2023;0034;4058;10   ;01251;121512086,23;121512086,23;121512086,23
2023;0034;4058;24   ;01251;0,00;0,00;0,00
2023;0034;4058;52   ;01251;7919518,11;7489485,46;7474692,46
2023;0034;4058;68   ;01251;8415,60;8415,60;8415,60
2023;0034;4166;10   ;01251;435360,00;435360,00;413592,00
2023;0034;4169;10   ;01251;120298,16;120298,16;119020,89
2023;0034;4214;10   ;01251;157745305,13;157745305,13;157579419,11
2023;0034;4214;24   ;01251;68522,11;68522,11;68337,10
2023;0034;4214;70   ;01251;265679,70;265679,70;265206,51
2023;0034;4432;10   ;01251;496869,26;496869,26;496869,26
2023;0034;4474;10   ;01251;364001,39;364001,39;337281,90
2023;0034;4507;10   ;01251;42630,00;42630,00;42630,00
2023;0034;4558;10   ;01251;2312253,35;346374,34;342118,94
2023;0034;4558;15   ;01251;2823130,11;11772,06;11639,61
2023;0036;2019;10   ;01251;25438815,17;25438561,17;25412712,54
2023;0036;2020;10   ;01251;174557673,77;174495831,45;174154487,84
2023;0037;2021;10   ;01251;57482,99;57331,99;50184,85
2023;0037;2022;10   ;01251;26930904,91;26930904,91;26930904,91
2023;0037;2022;49   ;01251;3022984,24;2587184,43;2418502,35
2023;0037;2023;10   ;01251;189391004,09;189391004,09;189391004,09
2023;0037;2023;49   ;01251;70220000,68;61353382,78;57500884,80
2023;0038;4049;10   ;01501;1241272,51;1241272,51;1241272,51
2023;0038;4052;10   ;01501;5179171,18;4701451,34;4436005,59
2023;0038;4053;10   ;01501;3836366,18;3815207,55;3815207,55
2023;0039;4012;57   ;04701;79007,12;74628,11;73879,88
2023;0039;4074;10   ;01481;498910,64;498910,64;498910,64
2023;0039;4074;71   ;01481;5106638,54;5105978,06;4939338,28
2023;0039;4076;10   ;01481;2953455,73;2056622,55;2056622,55
2023;0039;4076;71   ;01481;1031561,85;1031561,85;1007637,18
2023;0039;4088;10   ;01481;717492,00;117492,00;117492,00
2023;0039;4088;71   ;01481;514110,16;514110,16;514110,16
2023;0039;4373;1    ;02161;251268,23;18237,30;18237,30
2023;0039;4373;10   ;02161;829663,20;818009,22;811765,42
2023;0039;4434;60   ;01481;3187500,00;0,00;0,00
2023;0039;4434;71   ;01481;412345,67;412345,67;412325,20
2023;0041;1081;10   ;01501;351201,00;215242,13;196297,81
2023;0041;1081;25   ;01501;8171683,00;7134028,32;6724552,47
2023;0041;4097;10   ;01501;6561790,43;6560117,23;6416793,70
2023;0041;4099;10   ;01501;29747730,22;29704880,68;26302287,58
2023;0041;4510;10   ;01101;71555,98;71555,98;71555,98
2023;0042;4443;10   ;02371;38997536,26;38997536,26;38997536,26
2023;0042;4443;24   ;02371;383117,33;383117,33;383117,33
2023;0042;4443;91   ;02371;1440382,05;1440382,05;1433683,39
2023;0042;4443;95   ;02371;1823970,44;1823970,44;1823970,44
2023;0042;4444;10   ;02371;6944715,78;6944715,78;6944715,78
2023;0042;4444;24   ;02371;141562,55;141562,55;141562,55
2023;0042;4444;91   ;02371;332856,63;332856,63;330012,19
2023;0042;4524;10   ;02371;9746217,87;9746217,87;9746217,87
2023;0042;4524;91   ;02371;276075,17;276075,17;272312,74
2023;0042;4550;95   ;02371;1942491,01;1942491,01;1854788,39
2023;0042;4551;95   ;02371;0,00;0,00;0,00
2023;0042;4552;95   ;02371;70763,90;70763,90;70763,90
2023;0043;4086;1    ;01481;1157010,13;1157010,13;1157010,13
2023;0043;4086;10   ;01481;13862862,42;9852467,67;9852467,67
2023;0043;4086;15   ;01481;29144274,28;11545531,23;11545531,23
2023;0043;4086;38   ;01481;1609114,58;0,00;0,00
2023;0043;4086;59   ;01481;2989584,02;0,00;0,00
2023;0043;4086;60   ;01481;3483712,69;0,00;0,00
2023;0043;4089;10   ;01481;786604,49;678854,49;678854,49
2023;0043;4089;38   ;01481;1250500,00;1019000,00;1019000,00
2023;0043;4090;10   ;01481;350377,69;350377,69;350377,69
2023;0043;4090;38   ;01481;8944333,53;8931111,02;8721102,92
2023;0043;4091;10   ;01481;1396276,04;1388571,62;1368973,06
2023;0043;4091;38   ;01481;15045,00;5673,25;5001,81
2023;0043;4092;10   ;01481;548071,92;149219,63;149219,63
2023;0043;4092;38   ;01481;8706476,60;1022327,30;1020318,63
2023;0043;4475;10   ;01481;432838,38;432838,38;432838,38
2023;0043;4476;10   ;01481;1147028,04;1147028,04;1147028,04
2023;0043;4499;38   ;01481;1530163,35;525023,86;525023,86
2023;0043;4499;60   ;01481;74520,00;74520,00;70794,00
2023;0043;4531;10   ;01481;248000,00;248000,00;248000,00
2023;0044;4102;10   ;02371;13909453,07;13909453,07;13909453,07
2023;0044;4102;24   ;02371;68945,01;68945,01;68945,01
2023;0044;4102;91   ;02371;445272,28;445272,28;440109,51
2023;0044;4104;10   ;02371;1816676,31;1816676,31;1816676,31
2023;0044;4104;91   ;02371;125446,86;125446,86;125446,86
2023;0044;4447;10   ;02371;13155251,06;13155251,06;13155251,06
2023;0044;4447;24   ;02371;149893,84;149893,84;149893,84
2023;0044;4447;91   ;02371;3052978,28;3052978,28;2938382,54
2023;0044;4449;91   ;02371;39829,88;39829,88;39395,30
2023;0044;4536;91   ;02371;160360,57;160360,57;159576,97
2023;0045;4063;10   ;02271;138638543,53;138499373,16;136265312,92
2023;0045;4063;57   ;02271;1971514,86;1971514,86;1971514,86
2023;0045;4063;70   ;02271;2263631,30;2263631,30;2241559,30
2023;0045;4174;10   ;02271;597196257,67;596702106,59;590343842,91
2023;0045;4174;57   ;02271;5410258,76;5410258,76;5410258,76
2023;0045;4174;70   ;02271;856921,98;855428,58;853272,69
2023;0045;4174;95   ;02271;6596523,05;6547483,19;6457678,93
2023;0045;4175;10   ;02271;76753413,02;76182861,99;74651212,14
2023;0045;4175;57   ;02271;639289,62;639289,62;639289,62
2023;0045;4175;70   ;02271;2116,50;2116,50;2116,50
2023;0045;4176;10   ;02271;148983495,16;148642239,34;144374447,78
2023;0045;4176;57   ;02271;1408149,65;1408149,65;1408149,65
2023;0045;4177;10   ;02271;490225962,04;488976439,12;482332337,10
2023;0045;4177;57   ;02271;5367477,81;5367477,81;5367477,81
2023;0045;4177;60   ;02271;734,81;734,81;734,81
2023;0045;4177;70   ;02271;31138180,27;31004122,64;30047943,59
2023;0045;4178;10   ;02271;317749615,87;317187219,40;313182506,14
2023;0045;4178;45   ;02271;0,00;0,00;0,00
2023;0045;4178;57   ;02271;3378057,27;3378057,27;3378057,27
2023;0045;4178;70   ;02271;12762389,44;11899286,20;11734669,82
2023;0045;4178;95   ;02271;3678329,42;3662729,42;3620845,63
2023;0045;4179;10   ;02271;20921114,76;20510474,14;20145987,43
2023;0045;4179;57   ;02271;26868,13;26868,13;26868,13
2023;0046;4034;10   ;01481;856614,71;856614,71;856614,71
2023;0046;4034;71   ;01481;10832180,47;10818635,94;10649119,74
2023;0046;4108;71   ;01481;126720,00;103680,00;103680,00
2023;0046;4109;45   ;04601;2887433,54;0,00;0,00
2023;0046;4110;45   ;04091;5241364,07;3380577,21;3380577,21
2023;0046;4112;10   ;01481;320020,84;320020,84;320020,84
2023;0046;4112;71   ;01481;3402835,53;3400001,63;3399874,38
2023;0046;4114;10   ;01481;3246710,35;2513675,84;2513675,84
2023;0046;4114;24   ;01481;1407971,30;1200000,00;1200000,00
2023;0046;4115;10   ;01481;411749,84;411749,84;411749,84
2023;0046;4115;24   ;01481;2000000,00;1000000,00;1000000,00
2023;0046;4116;1    ;01481;234377,75;234377,75;234377,75
2023;0046;4116;10   ;01481;2611154,70;628623,56;628623,56
2023;0046;4116;15   ;01481;200000,00;0,00;0,00
2023;0046;4116;71   ;01481;71,52;71,52;71,52
2023;0046;4117;10   ;01481;1051395,03;1051395,03;1051395,03
2023;0046;4117;24   ;01481;550000,00;550000,00;550000,00
2023;0046;4118;10   ;01481;103527,37;103527,37;103527,37
2023;0046;4118;71   ;01481;1244800,33;1244800,33;1244800,33
2023;0046;4309;71   ;01481;2000000,00;2000000,00;2000000,00
2023;0046;4316;10   ;01481;518906,23;283906,23;283906,23
2023;0046;4316;71   ;01481;881401,85;881401,85;804565,35
2023;0047;4106;10   ;01251;43173145,23;42774388,72;42652940,29
2023;0047;4106;69   ;01251;8832,00;8832,00;8824,30
2023;0047;4106;70   ;01251;3472,00;3472,00;3472,00
2023;0047;4285;72   ;02101;4198807,68;4099104,21;4030435,70
2023;0047;4382;10   ;01071;9365902,77;8879958,99;8805278,97
2023;0048;4171;1    ;02311;3166,19;3166,19;3166,19
2023;0048;4171;10   ;02311;232003474,26;231902022,73;231141200,52
2023;0048;4171;15   ;02311;188907,90;188207,90;188123,01
2023;0048;4171;24   ;02311;876229,52;876229,52;876229,52
2023;0048;4171;60   ;02311;4441,74;4441,74;4441,74
2023;0048;4172;10   ;02311;5474077,68;5474077,68;5453748,24
2023;0048;4173;10   ;02311;324658,20;300247,74;298392,62
2023;0048;4173;15   ;02311;108800,00;108800,00;108800,00
2023;0048;4173;24   ;02311;380117,65;380117,65;380117,65
2023;0048;4180;10   ;02311;122540587,01;122297336,04;117823653,02
2023;0048;4180;57   ;02311;268725,47;268725,47;268725,47
2023;0048;4180;60   ;02311;1348022,83;1348022,83;1348022,83
2023;0048;4180;70   ;02311;10292807,44;10215322,25;9391935,54
2023;0048;4181;10   ;02311;1372293,02;1370293,02;1369477,43
2023;0048;4181;15   ;02311;119309,25;116246,12;115815,50
2023;0048;4182;10   ;02311;6586480,52;6586170,09;5859793,43
2023;0048;4182;36   ;02311;1127526,26;1076350,26;1009989,03
2023;0049;1032;10   ;02421;1091310,00;1066510,00;1055727,82
2023;0049;1032;15   ;02421;5717736,14;5562736,14;5496237,70
2023;0049;1032;24   ;02421;799910,58;799910,58;799910,58
2023;0049;1032;71   ;02421;597,56;597,56;597,56
2023;0049;1072;10   ;02421;40000,00;40000,00;40000,00
2023;0049;1072;15   ;02421;0,00;0,00;0,00
2023;0049;1072;71   ;02421;7617,73;7617,73;7617,73
2023;0049;1075;71   ;02421;0,00;0,00;0,00
2023;0049;1082;10   ;02421;270238,68;270238,68;270238,68
2023;0049;1082;71   ;02421;0,00;0,00;0,00
2023;0049;1086;10   ;02421;1891566,34;1891566,34;1813170,81
2023;0049;1086;24   ;02421;34240605,88;34240605,88;34163434,43
2023;0050;4224;10   ;01271;903427,50;903427,50;903337,74
2023;0050;4225;10   ;01271;442325,09;442325,09;442144,68
2023;0050;4234;10   ;01271;300157,83;300157,83;299920,85
2023;0050;4236;10   ;01271;796678,43;796678,43;796197,22
2023;0050;4236;24   ;01271;658082,81;658082,81;636224,28
2023;0050;4236;95   ;01271;5307460,13;4929032,84;4924626,95
2023;0050;4500;95   ;01271;317300,00;317300,00;305435,00
2023;0051;4107;10   ;01071;5782020,58;5779541,30;5164742,33
2023;0051;4107;95   ;01071;0,00;0,00;0,00
2023;0052;1088;10   ;02151;100000,00;100000,00;100000,00
2023;0053;4383;10   ;01071;4444755,39;4418445,63;4374058,89
2023;0053;4383;95   ;01071;110000,00;110000,00;110000,00
2023;0054;4070;10   ;02181;9926891,11;9926891,11;9926891,11
2023;0054;4070;60   ;02181;188,66;188,66;188,66
2023;0054;4080;10   ;02211;1328166,50;1316443,69;1308333,85
2023;0054;4080;60   ;02211;55259,73;55259,73;55259,73
2023;0054;4119;10   ;02201;1673082,18;1673082,18;1608232,50
2023;0054;4195;10   ;02181;14192650,63;14192650,63;14192242,42
2023;0054;4197;10   ;02181;4299715,62;4299715,62;4220041,81
2023;0054;4197;60   ;02181;547893,14;547893,14;545876,40
2023;0054;4250;10   ;01271;11856902,47;11856483,86;10733178,76
2023;0054;4253;10   ;01271;17500000,00;17500000,00;17500000,00
2023;0054;4257;10   ;01271;40520,78;40520,78;40471,80
2023;0054;4293;10   ;03151;6214912,63;6214912,63;6214912,63
2023;0054;4293;59   ;03151;79000,00;79000,00;79000,00
2023;0054;4293;60   ;03151;433924,54;433924,54;433924,54
2023;0055;4162;10   ;01071;623056,27;623056,27;622389,97
2023;0055;4162;45   ;01071;55704,74;51334,74;51334,74
2023;0055;4196;10   ;01071;1506523,86;1500303,86;1491032,08
2023;0055;4196;57   ;01071;3365411,40;3328208,34;3284601,44
2023;0056;1027;10   ;02171;611435,24;611435,24;605075,24
2023;0056;1027;45   ;02171;24821,91;24821,91;23982,48
2023;0056;1027;60   ;02171;23546,66;23097,48;22384,89
2023;0056;4120;10   ;02201;530955,99;530955,99;515045,09
2023;0056;4121;10   ;02201;1353253,08;1353253,08;1353253,08
2023;0056;4148;10   ;03151;361951,00;361951,00;361951,00
2023;0056;4148;60   ;03151;82704,40;82704,40;82704,40
2023;0056;4163;10   ;02211;768978,73;768928,82;765448,39
2023;0056;4163;60   ;02211;67356,68;67356,68;67356,68
2023;0056;4188;10   ;02211;5097322,70;5071343,43;5059036,47
2023;0056;4188;60   ;02211;99705,51;99705,51;99705,51
2023;0056;4262;10   ;01271;4422108,97;4422108,97;4420989,24
2023;0056;4262;17   ;01271;462521,10;462520,10;450976,10
2023;0056;4262;57   ;01271;0,00;0,00;0,00
2023;0056;4269;10   ;01271;2844926,54;2844926,54;2844926,54
2023;0056;4291;59   ;04491;3940069,61;3890069,61;3184573,65
2023;0056;4294;10   ;03151;7716393,12;7716393,12;7716393,12
2023;0056;4294;59   ;03151;114973,53;114973,53;114973,53
2023;0056;4294;60   ;03151;73054,69;73054,69;73054,69
2023;0056;4322;10   ;01271;21260891,09;19212138,46;19135905,06
2023;0056;4322;15   ;01271;2015000,00;1595000,00;1595000,00
2023;0056;4322;24   ;01271;422530,17;422530,17;422530,17
2023;0056;4322;95   ;01271;135770,76;135770,76;135770,76
2023;0056;4322;97   ;01271;162920,00;162920,00;162920,00
2023;0058;4113;60   ;02041;2249665,32;2249665,32;2249254,57
2023;0059;4379;10   ;01231;572047,81;572047,81;571634,76
2023;0059;4404;10   ;01231;6337,20;6337,20;6337,20
2023;0060;1029;10   ;02171;1494748,42;1458681,60;1445876,30
2023;0060;1029;45   ;02171;8999,20;8999,20;8985,45
2023;0060;1029;60   ;02171;177060,13;176720,13;176628,52
2023;0060;4122;10   ;02201;580521,76;580521,76;579011,19
2023;0060;4220;10   ;02181;4629664,53;4628732,07;4612744,88
2023;0060;4267;10   ;01271;650309,71;650309,71;649832,89
2023;0060;4270;10   ;01271;26057,90;26057,90;26057,90
2023;0061;1028;10   ;02171;125419,92;125419,92;125419,92
2023;0061;1051;95   ;02201;121583,20;121583,20;121583,20
2023;0061;4123;10   ;02201;2166088,13;2166088,13;2162010,09
2023;0061;4125;10   ;02201;1744089,14;1744089,14;1744032,43
2023;0061;4125;15   ;02201;0,00;0,00;0,00
2023;0061;4128;10   ;02201;694129,87;694129,87;694096,27
2023;0061;4275;10   ;01271;1954178,30;1954178,30;1954120,58
2023;0061;4286;10   ;01271;388220,85;388220,85;388220,85
2023;0062;4519;10   ;01501;407197,39;325214,04;324561,36
2023;0062;4520;10   ;01501;94583,03;94583,03;93925,13
2023;0062;4520;95   ;01501;516420,52;420847,91;420847,91
2023;0063;1037;10   ;01221;327621,64;327621,64;327621,64
2023;0063;1037;32   ;01221;5108,44;5108,44;5057,33
2023;0063;1038;10   ;01221;61052,77;61052,77;61052,77
2023;0063;1038;32   ;01221;126392,02;126392,02;125410,08
2023;0063;1040;10   ;01221;1742085,78;1742085,78;1742085,78
2023;0063;1040;32   ;01221;38166,70;38166,70;37380,89
2023;0063;1040;95   ;01221;1307178,12;1307178,12;1235584,03
2023;0063;1041;10   ;01221;459935,29;459935,29;459935,29
2023;0063;1041;32   ;01221;47587,31;47587,31;47102,95
2023;0063;4126;73   ;02331;1011961,37;967470,28;966967,93
2023;0063;4127;10   ;02331;128233,67;128233,67;128233,67
2023;0063;4127;60   ;02331;55324,50;55324,50;55324,50
2023;0063;4127;73   ;02331;20006871,80;19749552,85;19422631,90
2023;0064;1016;10   ;01221;252713,12;252713,12;252713,12
2023;0064;1016;32   ;01221;17790,90;17790,90;17790,90
2023;0064;1018;10   ;01221;1128012,60;1128012,60;1128012,60
2023;0064;1018;32   ;01221;498972,52;498972,52;497554,96
2023;0064;1019;10   ;01221;551433,72;551433,72;551433,72
2023;0064;1019;32   ;01221;72696,42;72696,42;72696,42
2023;0064;1020;10   ;01221;6054873,64;1020040,09;1020040,09
2023;0064;1020;32   ;01221;15633492,07;238466,95;222085,65
2023;0064;4164;10   ;02431;1338346,49;1338346,49;1338346,49
2023;0064;4164;60   ;02431;241971,73;241971,73;237343,41
2023;0064;4165;10   ;02431;979767,07;979767,07;979241,04
2023;0064;4165;95   ;02431;652159,08;652159,08;620855,45
2023;0064;4167;10   ;04331;97019,00;97019,00;97019,00
2023;0064;4168;10   ;04331;157184,16;157184,16;148224,42
2023;0064;4268;10   ;02461;316632,65;301572,63;297616,10
2023;0064;4268;32   ;02461;758593,56;647466,68;517137,38
2023;0064;4279;10   ;01221;500955,00;500955,00;500955,00
2023;0064;4279;32   ;01221;706866,93;706866,93;705432,12
2023;0064;4345;10   ;02461;817558,93;807894,04;807773,30
2023;0064;4345;32   ;02461;73320,98;68815,93;67850,55
2023;0064;4345;60   ;02461;5974,00;5974,00;5974,00
2023;0064;4406;10   ;02461;322694,00;322694,00;322402,77
2023;0064;4406;32   ;02461;71611,63;69203,25;68947,76
2023;0064;4406;60   ;02461;10678,84;10678,84;10678,84
2023;0065;1059;60   ;04251;3822355,81;3775555,81;3775555,81
2023;0065;2081;10   ;01481;640437,90;640437,90;640437,90
2023;0065;2081;71   ;01481;7266956,76;7266956,76;7266956,76
2023;0065;4129;56   ;04251;1324937,84;1324152,14;1297711,00
2023;0065;4129;71   ;04251;329019,47;329019,47;258387,27
2023;0065;4130;56   ;04251;1976140,43;1948992,40;1936514,62
2023;0065;4130;71   ;04251;5005736,02;5005649,83;4520071,35
2023;0065;4131;71   ;04251;11383114,81;10768426,54;10768426,54
2023;0065;4132;71   ;04251;78612202,40;78585306,40;78585306,40
2023;0065;4133;10   ;04251;216000,00;216000,00;216000,00
2023;0065;4133;56   ;04251;1223607,28;1222829,50;1204696,51
2023;0065;4133;71   ;04251;2690357,77;2690357,77;2575320,34
2023;0065;4226;1    ;01481;0,00;0,00;0,00
2023;0065;4226;10   ;01481;45564688,62;38011209,34;38011209,34
2023;0066;1042;10   ;01221;153086,97;153086,97;153086,97
2023;0066;1042;32   ;01221;1269,20;1269,20;1269,20
2023;0066;1044;10   ;01221;476172,81;476172,81;476172,81
2023;0066;1044;32   ;01221;29997,78;29997,78;29745,03
2023;0066;1080;10   ;01221;1721210,76;1721210,76;1701324,50
2023;0066;1087;10   ;01221;215061,83;215061,83;215061,83
2023;0066;1087;32   ;01221;3916,47;3916,47;3916,47
2023;0066;4408;10   ;01221;124234,55;124234,55;124234,55
2023;0066;4408;10   ;01721;650937,43;630939,43;630833,04
2023;0066;4408;32   ;01221;145276,70;145276,70;143497,81
2023;0067;2033;10   ;01481;119766,06;119766,06;119766,06
2023;0067;2033;71   ;01481;1007616,59;1007616,59;1007117,55
2023;0067;2034;10   ;01481;31310,78;31310,78;31310,78
2023;0067;2034;71   ;01481;334936,30;334936,30;334936,30
2023;0067;2035;10   ;01481;370185,95;369417,45;369117,45
2023;0067;2035;15   ;01481;100000,00;0,00;0,00
2023;0067;2035;71   ;01481;1366642,47;1366381,80;1353483,40
2023;0067;4011;10   ;01481;1004771,07;574771,20;574771,20
2023;0067;4011;60   ;01481;664056,87;0,00;0,00
2023;0067;4011;71   ;01481;20000,00;20000,00;20000,00
2023;0067;4139;10   ;01481;687792,52;687792,52;687792,52
2023;0067;4139;71   ;01481;9438620,94;9433655,65;9324643,61
2023;0068;1031;10   ;02071;1457732,38;1457732,38;1457732,38
2023;0068;1034;10   ;02071;8092600,00;8092600,00;8092600,00
2023;0068;1047;10   ;02071;48642374,91;46832584,09;46832584,09
2023;0068;4320;10   ;01221;1091787,17;1091787,17;1091787,17
2023;0068;4359;10   ;01221;2052092,68;2052092,68;1940416,97
2023;0068;4496;10   ;02071;63029558,89;26196693,60;26190209,74
2023;0069;4140;10   ;01501;3135485,72;3135485,72;3124068,59
2023;0069;4140;10   ;01721;1344940,20;1269125,20;1257303,28
2023;0069;4144;10   ;01501;2789324,92;2789324,92;2789164,42
2023;0069;4155;10   ;01501;7012988,53;6960529,71;6935736,77
2023;0069;4156;10   ;01501;3891557,38;3798280,35;3797937,15
2023;0070;4149;10   ;01451;3351981,90;600224,00;600224,00
2023;0070;4149;10   ;01481;5830082,61;5830082,61;5830059,35
2023;0070;4151;10   ;01451;0,00;0,00;0,00
2023;0070;4151;10   ;01481;5688732,08;3790140,86;3718679,53
2023;0070;4151;24   ;01481;1309950,37;1309950,37;1309950,37
2023;0071;1063;10   ;01301;1054249,23;1054249,23;1041959,51
2023;0071;1063;24   ;01301;5730000,00;5730000,00;5661240,00
2023;0071;1063;32   ;01301;74161,38;50449,92;50449,92
2023;0071;4142;24   ;01301;0,00;0,00;0,00
2023;0071;4142;32   ;01301;0,00;0,00;0,00
2023;0071;4143;10   ;01301;148500,00;148500,00;148500,00
2023;0071;4143;32   ;01301;4156034,62;4156034,62;4156034,62
2023;0071;4145;10   ;01301;1372013,18;1372013,18;1372013,18
2023;0071;4145;32   ;01301;11799,61;11799,61;10767,43
2023;0071;4146;25   ;01301;10534047,05;10534047,05;10404940,38
2023;0071;4146;32   ;01301;218581,13;218581,13;214630,17
2023;0071;4147;24   ;01301;3286,73;3286,73;3162,82
2023;0071;4147;32   ;01301;42327,01;42327,01;40756,04
2023;0071;4152;24   ;01301;1289763,63;1289763,63;1274286,46
2023;0071;4152;32   ;01301;350134,70;350134,70;345933,07
2023;0071;4153;10   ;01301;10376397,17;10376397,17;10376397,17
2023;0071;4153;32   ;01301;26559,18;26559,18;25284,34
2023;0071;4154;10   ;01301;13317386,08;2667386,08;2664726,62
2023;0071;4154;15   ;01301;199413307,70;197057540,00;197057540,00
2023;0071;4154;32   ;01301;34629000,00;10070000,00;10070000,00
2023;0071;4154;69   ;01301;199856,35;199856,35;199856,35
2023;0071;4154;95   ;01301;85905861,14;1595608,77;1595608,77
2023;0071;4477;10   ;01301;0,00;0,00;0,00
2023;0071;4477;10   ;02301;2329440,78;2329440,78;2329440,78
2023;0071;4477;69   ;02301;149578,98;149578,98;143659,69
2023;0071;4477;83   ;01301;17974,48;0,00;0,00
2023;0071;4477;91   ;02301;26133,59;26133,59;26133,59
2023;0071;4477;95   ;01301;1193119,79;1193119,79;1106022,03
2023;0071;4477;95   ;02301;2680656,44;2680656,44;2577406,17
2023;0071;4527;95   ;01301;77203443,25;77183180,34;77183180,34
2023;0073;1065;10   ;01301;8914843,73;8914843,73;8914843,73
2023;0073;4157;59   ;01301;5207631,85;5207631,85;5051990,59
2023;0073;4160;10   ;01301;4500,00;4500,00;4500,00
2023;0073;4160;57   ;01301;1340391,80;1340391,80;1340391,80
2023;0075;4170;10   ;01501;22541476,47;21729936,13;20426453,54
2023;0075;4170;60   ;01501;911933,31;835397,13;742316,14
2023;0075;4333;10   ;01941;61533,22;61533,22;58372,60
2023;0076;4187;10   ;02261;20156291,40;20059260,50;19945589,93
2023;0076;4187;24   ;02261;296827,70;296827,70;296827,70
2023;0076;4189;10   ;02261;4000232,92;3999693,45;3990878,26
2023;0077;4041;10   ;02061;3085437,19;3085437,19;3075410,49
2023;0077;4041;60   ;02061;40213,38;40213,38;39946,98
2023;0077;4190;10   ;02061;2749165,58;2749165,58;2748751,23
2023;0077;4190;60   ;02061;20446,28;20446,28;20446,28
2023;0077;4200;10   ;02061;5881786,77;5881761,43;5544300,75
2023;0077;4201;10   ;02061;6662236,99;6662236,99;6319414,29
2023;0077;4201;60   ;02061;146119,40;146119,40;144795,41
2023;0077;4202;10   ;02061;2966781,54;2965731,54;2757190,75
2023;0077;4271;10   ;02061;393991,08;393991,08;392863,71
2023;0078;4204;10   ;02061;3929614,82;3929614,82;3926302,09
2023;0078;4204;60   ;02061;67849,22;67849,22;67616,80
2023;0078;4205;10   ;02061;3711606,09;3707044,98;3704854,48
2023;0078;4205;60   ;02061;160834,46;160473,71;159168,73
2023;0078;4206;10   ;02061;4017245,05;4017245,05;4012121,97
2023;0078;4206;60   ;02061;11247,21;11247,21;11247,21
2023;0079;4207;10   ;02061;2308248,97;2308248,97;2287640,26
2023;0079;4207;60   ;02061;94183,10;94183,10;90813,60
2023;0079;4208;10   ;02061;7024505,96;7024505,96;7021836,20
2023;0079;4208;24   ;02061;92236,27;92236,27;90491,47
2023;0079;4208;60   ;02061;403698,45;403698,45;390651,54
2023;0079;4209;10   ;02061;382548,43;382548,43;382548,43
2023;0079;4209;60   ;02061;61508,46;61508,46;59935,50
2023;0080;4192;10   ;01501;5749535,42;5728014,72;5723864,24
2023;0080;4198;10   ;01501;21593393,02;21236877,32;20484383,43
2023;0080;4396;10   ;01501;1431612,39;1304640,94;1304640,94
2023;0081;4183;10   ;02301;80247094,42;80164481,54;78432797,64
2023;0081;4183;15   ;02301;29495718,68;0,00;0,00
2023;0081;4183;32   ;02301;88518221,19;88087026,87;87387433,49
2023;0081;4183;33   ;02301;1816750,37;1816750,37;1757313,54
2023;0081;4183;51   ;02301;0,00;0,00;0,00
2023;0081;4183;54   ;02301;0,00;0,00;0,00
2023;0081;4183;60   ;02301;16835396,95;15793427,58;15604363,38
2023;0081;4185;60   ;02301;177484,15;177484,15;177484,15
2023;0081;4185;69   ;02301;120567,15;120567,15;120567,15
2023;0081;4227;10   ;02301;6881907,02;5260067,76;5260067,76
2023;0081;4227;25   ;02301;3153339,45;3153339,45;3133740,90
2023;0081;4227;33   ;02301;5731286,04;5731286,04;5708732,42
2023;0081;4227;60   ;02301;1954228,32;551244,35;551244,35
2023;0081;4227;68   ;02301;19448491,75;19202502,92;18998504,76
2023;0081;4227;69   ;02301;3080230,77;3021550,40;3021550,40
2023;0081;4227;70   ;02301;7667727,77;7667727,77;7587674,73
2023;0081;4227;74   ;02301;2374519,34;2374519,34;2370769,36
2023;0081;4227;83   ;02301;51701543,81;51420947,53;50902141,63
2023;0081;4248;10   ;02301;911583,75;911583,75;911139,65
2023;0081;4248;33   ;02301;4652664,27;4652664,27;4473536,64
2023;0081;4248;60   ;02301;5053547,83;4933823,84;4820676,76
2023;0081;4248;69   ;02301;942508,04;942508,04;937089,96
2023;0081;4248;83   ;02301;4890950,48;4890950,48;4532227,80
2023;0081;4248;91   ;02301;381652,35;381652,35;362363,22
2023;0081;4248;95   ;02301;1236200,54;1236200,54;1183972,34
2023;0081;4323;95   ;02301;36611645,15;36544520,95;36340715,67
2023;0081;4544;10   ;02301;0,00;0,00;0,00
2023;0081;4544;32   ;02301;123872881,37;123082131,48;122654931,41
2023;0081;4544;83   ;02301;128362082,68;125287789,94;124236095,95
2023;0081;4554;32   ;02301;2974441,90;2974441,90;2974441,90
2023;0081;4554;95   ;02301;93792984,09;93389150,35;92485920,14
2023;0081;4555;95   ;02301;16851755,82;16851755,82;16844842,28
2023;0082;4230;83   ;04381;26538322,24;26538322,24;25630919,22
2023;0082;4231;83   ;04381;21263003,07;21263003,07;20294091,00
2023;0082;4232;10   ;02301;16012360,39;16012360,39;16012360,39
2023;0084;2024;10   ;01191;4703,10;4703,10;4629,30
2023;0084;2027;10   ;01191;23874,49;23874,49;23787,99
2023;0084;4199;10   ;01191;32988745,20;32988745,20;32804262,16
2023;0084;4199;27   ;01191;18988826,10;18988826,10;18800800,82
2023;0084;4199;83   ;01191;939736,11;939736,11;926563,64
2023;0084;4247;10   ;01191;1802769,49;1802769,49;1802769,49
2023;0084;4251;10   ;01191;4989788,15;4989788,15;4989788,15
2023;0084;4252;10   ;01191;5169925,79;5083371,60;4929617,03
2023;0084;4255;10   ;01191;23973970,19;23973970,19;22701499,92
2023;0084;4255;48   ;01191;11305031,50;10541382,25;9872386,42
2023;0084;4258;10   ;01191;7477816,81;7477816,81;7269408,69
2023;0084;4260;10   ;01191;2661279,87;2661279,87;2661279,87
2023;0084;4261;10   ;01191;1371824,81;1371824,81;1371824,81
2023;0085;4228;10   ;01261;113139054,58;109139054,58;109139054,58
2023;0086;4211;10   ;02061;436954,67;430348,67;425910,42
2023;0086;4310;10   ;02061;1267460,19;1267460,19;1267460,19
2023;0087;4210;1    ;03041;2420756,26;2420756,26;2420756,26
2023;0087;4210;10   ;03041;204850494,55;204850494,55;204850494,55
2023;0087;4210;24   ;03041;8878591,38;8878591,38;8878591,38
2023;0087;4210;47   ;03041;2314170,00;2314170,00;2314170,00
2023;0087;4210;60   ;03041;28273866,47;28273866,47;28273866,47
2023;0087;4210;67   ;03041;87656644,49;87656644,49;87656644,49
2023;0087;4210;97   ;03041;2590630,00;2590630,00;2590630,00
2023;0088;1011;10   ;03041;6426398,67;6426398,67;6426398,67
2023;0088;1011;15   ;03041;3499832,00;3499832,00;3499832,00
2023;0088;1011;2    ;03041;8365017,49;8365017,49;8365017,49
2023;0088;1011;60   ;03041;183490,01;183490,01;183490,01
2023;0088;1011;67   ;03041;1999980,00;1999980,00;1999980,00
2023;0088;1011;97   ;03041;1114434,00;1114434,00;1114434,00
2023;0089;1012;10   ;01481;561623,47;461623,47;461623,47
2023;0089;1012;15   ;01481;7138943,43;499396,04;499396,04
2023;0089;1012;60   ;01481;0,00;0,00;0,00
2023;0089;1012;71   ;01481;1718818,19;1718818,19;1710494,55
2023;0089;4101;10   ;04701;0,00;0,00;0,00
2023;0089;4213;10   ;02281;3094441,00;3094441,00;2820813,55
2023;0089;4213;36   ;02281;779216,95;771647,55;720975,95
2023;0090;4346;24   ;02421;1771123,11;1771123,10;1771123,10
2023;0090;4346;71   ;02421;443688,82;443688,82;443688,82
2023;0090;4353;10   ;02421;93109,16;93109,16;93109,16
2023;0090;4353;15   ;02421;1810200,00;1512600,00;1494448,80
2023;0090;4358;15   ;02421;0,00;0,00;0,00
2023;0090;4358;71   ;02421;0,00;0,00;0,00
2023;0090;4367;10   ;02421;280369,69;280369,69;280369,69
2023;0090;4367;24   ;02421;0,00;0,00;0,00
2023;0090;4367;36   ;02421;14647112,46;14647112,46;14647112,46
2023;0090;4367;71   ;02421;411136,91;405899,36;405899,36
2023;0091;4264;72   ;02241;1146088,51;1146088,51;1145651,20
2023;0091;4264;73   ;02241;361113,20;361113,20;359967,13
2023;0091;4265;72   ;02241;7428126,09;7427745,13;7280288,59
2023;0091;4265;73   ;02241;2850,00;2850,00;2850,00
2023;0091;4265;91   ;02241;884794,71;368282,01;368282,01
2023;0091;4265;95   ;02241;918550,19;918550,19;918550,19
2023;0091;4266;72   ;02241;669542,53;669542,53;669159,41
2023;0091;4266;73   ;02241;10864,43;10864,43;10864,43
2023;0093;4216;72   ;02241;10560345,14;10559416,34;10450931,42
2023;0093;4216;73   ;02241;415206,75;415206,75;395724,95
2023;0093;4216;95   ;02241;287939,89;287939,89;287939,89
2023;0093;4217;60   ;02241;1312408,99;1312408,99;1312408,99
2023;0093;4217;72   ;02241;597310,97;597310,97;579154,87
2023;0093;4217;73   ;02241;78314,04;78314,04;78314,04
2023;0093;4218;61   ;02241;59851721,69;59851721,69;59851721,69
2023;0093;4218;72   ;02241;1625662,21;1625662,21;1624513,05
2023;0093;4218;73   ;02241;1453,38;1453,38;1453,38
2023;0093;4389;31   ;04341;1164804,68;1164804,68;1002236,26
2023;0093;4450;61   ;02241;5969,00;5969,00;5969,00
2023;0095;4336;10   ;01501;24451150,59;24248038,35;22965114,38
2023;0095;4336;60   ;01501;86987,19;86987,19;86987,19
2023;0095;4338;10   ;01501;5793503,96;5789915,97;5721858,60
2023;0095;4366;10   ;01501;10045914,87;10031473,69;10017197,50
2023;0095;4385;10   ;01501;48253399,14;47962150,93;47150343,74
2023;0096;1013;10   ;01081;58543,12;58543,12;58543,12
2023;0096;1014;10   ;01081;24275818,60;20890364,86;18715979,02
2023;0098;4237;72   ;02091;3962816,37;3900360,93;3794507,24
2023;0098;4238;60   ;02091;1570148,82;1570148,82;1570148,82
2023;0098;4238;72   ;02091;284487,51;284487,51;283507,47
2023;0098;4240;31   ;02091;12616,43;11333,07;11312,07
2023;0098;4240;60   ;02091;1440984,87;1440984,87;1440984,87
2023;0098;4240;72   ;02091;241663,00;241663,00;241663,00
2023;0098;4242;60   ;02091;359397,94;359397,94;359397,94
2023;0098;4242;72   ;02091;79065,61;79065,61;79065,61
2023;0099;2036;10   ;04291;3577172,88;3577172,88;3577172,88
2023;0099;2057;10   ;04291;5848566,61;5848566,61;5848566,61
2023;0099;4243;10   ;04291;19938984,92;19938984,92;19938984,92
2023;0099;4244;10   ;04291;340040295,94;340040295,94;340040295,94
2023;0099;4254;10   ;04291;360663001,77;360663001,77;360663001,77
2023;0099;4263;10   ;04291;2038610553,13;2038610553,13;2038610553,13
2023;0099;4290;10   ;04291;176573994,27;176573994,27;176573994,27
2023;0100;4403;10   ;01071;244124,74;244124,74;242194,25
2023;0100;4403;57   ;01071;4787105,21;4787105,21;4787105,21
2023;0100;4403;60   ;01071;60367,59;0,00;0,00
2023;0100;4431;10   ;02301;289,86;289,86;289,86
2023;0100;4431;60   ;02301;37919919,02;37919919,02;37412310,07
2023;0100;4431;70   ;02301;3305671,77;3305671,77;3305671,77
2023;0100;4431;83   ;02301;88390673,59;88390673,59;87969534,27
2023;0100;4436;53   ;01401;1161222,29;1117038,10;1112681,65
2023;0102;4273;52   ;02091;0,00;0,00;0,00
2023;0102;4273;60   ;02091;1596222,01;1596222,01;1596222,01
2023;0102;4273;72   ;02091;1026352,83;1026185,13;947214,58
2023;0102;4273;95   ;02091;681452,59;681452,59;680983,27
2023;0103;4272;10   ;02261;47775156,37;47063534,50;46312365,97
2023;0104;4241;26   ;02101;2030770,96;2030770,96;2030770,96
2023;0104;4241;72   ;02101;2803286,42;2802941,02;2739853,42
2023;0104;4241;95   ;02101;776,00;776,00;776,00
2023;0104;4274;26   ;02101;9360045,24;9360045,24;9360045,24
2023;0104;4274;72   ;02101;3543576,62;3535640,96;3482117,58
2023;0104;4276;10   ;02101;0,00;0,00;0,00
2023;0104;4276;26   ;02101;10879242,96;10879242,96;10879242,96
2023;0104;4276;60   ;02101;0,96;0,96;0,96
2023;0104;4276;61   ;02101;2630640,02;2630295,22;2244304,15
2023;0104;4276;72   ;02101;2003849,21;2003849,21;2003849,21
2023;0104;4276;95   ;02101;444867,73;444867,73;444867,73
2023;0104;4277;95   ;02101;83406,25;83406,25;82131,25
2023;0104;4280;10   ;02101;75075,26;75075,26;74492,52
2023;0104;4280;26   ;02101;14468125,41;14468125,41;14468125,41
2023;0104;4280;61   ;02101;0,00;0,00;0,00
2023;0104;4280;72   ;02101;37433720,94;37082265,04;32073459,24
2023;0104;4280;91   ;02101;0,00;0,00;0,00
2023;0104;4280;95   ;02101;5732459,11;5681952,91;5681952,91
2023;0104;4283;10   ;02101;60000,00;60000,00;60000,00
2023;0104;4283;26   ;02101;2856874,70;2856874,70;2856874,70
2023;0104;4283;72   ;02101;1352607,17;1348814,15;1270420,93
2023;0104;4283;95   ;02101;407883,68;407883,68;407883,68
2023;0104;4363;31   ;04341;1573300,20;1459825,72;1245225,81
2023;0105;4313;10   ;01261;4398421,24;4398034,09;4398034,09
2023;0105;4313;23   ;01261;91783628,17;91783628,17;91783628,17
2023;0105;4314;10   ;01261;2454797,34;2451707,34;2451707,34
2023;0105;4314;23   ;01261;80096152,15;80096152,15;80096152,15
2023;0105;4314;36   ;01261;8005358,00;7797399,32;7682166,35
2023;0105;4314;95   ;01261;6924996,00;6924996,00;6924996,00
2023;0105;4315;21   ;01261;70150136,08;70144228,88;70144228,88
2023;0105;4315;36   ;01261;34401056,85;34396667,00;34396667,00
2023;0106;2065;10   ;01261;890942043,25;890942043,25;890942043,25
2023;0106;2065;23   ;01261;4101473162,06;4101473162,06;4101473162,06
2023;0106;4297;10   ;01261;493577047,90;420538961,16;419062628,64
2023;0106;4297;21   ;01261;50597445,26;47487866,51;47194698,30
2023;0106;4297;23   ;01261;1417310301,84;1417310301,84;1417310301,84
2023;0106;4298;10   ;01261;5222466,09;5222466,09;5222466,09
2023;0106;4298;21   ;01261;1433503,50;1316182,50;1316182,50
2023;0106;4298;23   ;01261;119036975,37;119036975,37;119036975,37
2023;0106;4299;10   ;01261;37933230,54;37933230,54;37933230,54
2023;0106;4299;21   ;01261;345600,00;324000,00;324000,00
2023;0106;4299;23   ;01261;867199307,09;867199307,09;867199307,09
2023;0106;4300;21   ;01261;223726556,60;223724367,80;223724367,80
2023;0106;4300;36   ;01261;92279902,75;92270365,55;92270365,55
2023;0106;4303;10   ;01261;439482236,78;403863590,04;403863590,04
2023;0106;4303;21   ;01261;1567933,20;1567933,20;1567933,20
2023;0107;2066;10   ;01261;41973225,07;41973225,07;41973225,07
2023;0107;2066;23   ;01261;2945686408,55;2945686408,55;2945686408,55
2023;0107;4304;10   ;01261;119556138,67;113170458,22;113090431,59
2023;0107;4304;21   ;01261;24418666,07;22859227,91;22859227,91
2023;0107;4304;23   ;01261;724811429,85;724811429,85;724811429,85
2023;0107;4305;10   ;01261;13064694,09;13034577,84;13034577,84
2023;0107;4305;21   ;01261;1390617,00;1291358,25;1291358,25
2023;0107;4305;23   ;01261;242722864,88;242722864,88;242722864,88
2023;0107;4306;10   ;01261;2608064,55;2608064,55;2608064,55
2023;0107;4306;21   ;01261;10728,00;9144,00;9144,00
2023;0107;4306;23   ;01261;357158038,67;357158038,67;357158038,67
2023;0107;4307;21   ;01261;164859659,82;164859659,82;164859659,82
2023;0107;4307;36   ;01261;66377672,24;66376874,24;66376874,24
2023;0108;4203;10   ;01261;636181321,01;633392105,28;629159078,32
2023;0108;4203;21   ;01261;302058,56;302058,56;302058,56
2023;0108;4324;10   ;01261;2265249,63;2265249,63;2265249,63
2023;0108;4324;21   ;01261;250687,50;200550,00;200550,00
2023;0108;4324;23   ;01261;89725805,57;89725805,57;89725805,57
2023;0108;4324;36   ;01261;12952291,90;12943360,66;11923030,60
2023;0108;4325;21   ;01261;1776695,20;1776695,20;1776695,20
2023;0108;4365;10   ;02161;4789594,71;3780882,43;3765484,24
2023;0110;2040;21   ;01261;9814341,41;9814341,41;9814341,41
2023;0110;2061;10   ;01261;919559,10;919559,10;919559,10
2023;0110;2062;10   ;01261;108428144,52;93400814,52;93191829,11
2023;0110;2062;36   ;01261;3140986,50;3140986,50;3117224,62
2023;0110;2063;21   ;01261;305306,29;305306,29;305306,29
2023;0110;2063;24   ;01261;132122,35;132122,35;132122,35
2023;0110;4249;10   ;01261;437007137,64;435054726,51;435016944,98
2023;0110;4249;13   ;01261;48057353,46;48057353,46;48057353,46
2023;0110;4249;21   ;01261;3712274,56;0,00;0,00
2023;0110;4249;71   ;01261;349887386,00;349647386,00;349647386,00
2023;0110;4410;10   ;01261;326238987,62;281665318,42;281230775,93
2023;0110;4410;21   ;01261;45572889,06;19410772,04;17804190,83
2023;0110;4410;3    ;01261;2381,61;2381,61;2381,61
2023;0110;4410;36   ;01261;24555691,33;24555691,33;24350142,07
2023;0110;4410;97   ;01261;700000,00;700000,00;700000,00
2023;0112;2070;10   ;01261;2665400,09;2665400,09;2665400,09
2023;0112;4326;10   ;01261;24659274,95;24659274,95;24659274,95
2023;0112;4326;21   ;01261;210656,31;210656,31;210656,31
2023;0112;4328;10   ;01261;19392500,00;19392500,00;19392500,00
2023;0112;4332;10   ;01261;1655252,00;1655252,00;1655252,00
2023;0112;4332;21   ;01261;328620,00;328620,00;328620,00
2023;0112;4334;10   ;01261;1929299,05;1929299,05;1929299,05
2023;0112;4334;21   ;01261;277488,00;277488,00;277488,00
2023;0112;4397;21   ;01261;1579008,00;1579008,00;1579008,00
2023;0112;4397;36   ;01261;790723,20;790723,20;790723,20
2023;0112;4398;21   ;01261;636,00;636,00;636,00
2023;0112;4398;36   ;01261;420,60;420,60;420,60
2023;0112;4399;21   ;01261;1924864,00;1924864,00;1924864,00
2023;0112;4399;36   ;01261;1110684,10;1110684,10;1110684,10
2023;0113;1036;10   ;01191;561001,35;561001,35;555718,35
2023;0113;4278;10   ;01191;8503896,24;8492354,34;8482053,01
2023;0113;4278;11   ;01191;163350135,28;163350135,28;163350135,28
2023;0113;4278;29   ;01191;202558,87;202558,87;185939,84
2023;0113;4282;10   ;01191;63366012,31;63101276,18;62247596,64
2023;0113;4282;11   ;01191;890057378,25;890057378,25;890057378,25
2023;0113;4282;29   ;01191;6754428,10;6754428,10;5703186,06
2023;0113;4312;10   ;01191;16497401,50;16480961,59;16406684,88
2023;0115;1053;10   ;01191;3325910,85;3148036,90;3072764,01
2023;0115;2016;10   ;01191;4222000,00;3844000,00;3808138,51
2023;0115;2048;74   ;01191;4177000,00;4177000,00;4126876,04
2023;0115;2051;10   ;01191;55942504,79;52621903,50;50174919,08
2023;0115;2051;29   ;01191;4503302,73;4303744,46;4051410,90
2023;0115;2052;10   ;01191;43962133,35;39582893,95;38096868,02
2023;0116;1030;10   ;02261;11477357,63;11469296,76;11295823,63
2023;0116;4288;10   ;02261;123589327,11;123500286,07;123372394,53
2023;0116;4289;10   ;02261;17690702,37;17666351,13;17551393,30
2023;0117;4295;59   ;02441;5386060,98;5385901,90;5366309,86
2023;0117;4296;59   ;02441;4774688,16;4774688,16;4774688,16
2023;0117;4433;59   ;02441;821727,49;821727,49;819862,88
2023;0118;2058;10   ;01631;2922729,38;2922729,38;2813209,43
2023;0118;2058;10   ;01711;3219498,02;3219498,02;3083799,69
2023;0118;2059;10   ;01631;43040488,20;43033244,28;41543308,39
2023;0118;2059;10   ;01711;25668237,50;25664817,04;24462503,47
2023;0118;2060;10   ;01491;2615646,44;2606784,11;2597866,77
2023;0118;2060;10   ;01631;4622253,71;4622253,71;4414900,12
2023;0119;4317;29   ;01371;677097,38;677097,38;622320,77
2023;0119;4317;31   ;01371;3164386,42;3164386,42;3164386,42
2023;0119;4317;52   ;01371;886778,05;886778,05;867164,16
2023;0119;4317;72   ;01371;17367112,58;17366998,42;17356452,27
2023;0119;4317;94   ;01371;1452042,93;1452042,93;1443153,26
2023;0119;4318;31   ;01371;459764,24;459764,24;459764,24
2023;0119;4318;72   ;01371;2387431,02;2387431,02;2387431,02
2023;0119;4511;72   ;01371;4610,94;4610,94;4610,94
2023;0120;4321;10   ;01371;1122502,96;1122502,96;1122502,96
2023;0120;4321;15   ;01371;6276327,33;6276327,33;6276327,33
2023;0120;4321;24   ;01371;3945047,15;3945047,15;3787950,89
2023;0120;4321;29   ;01371;47538,20;47538,20;47515,05
2023;0120;4321;31   ;01371;220120,25;220120,25;220120,25
2023;0120;4321;52   ;01371;52813,16;52813,16;52000,02
2023;0120;4321;72   ;01371;12211751,56;7738381,01;7456294,51
2023;0120;4321;94   ;01371;1030197,60;359197,60;341956,11
2023;0120;4348;10   ;01371;81219,96;81219,96;81219,96
2023;0120;4348;29   ;01371;15219,35;15219,35;15219,35
2023;0120;4348;31   ;01371;639346,38;639346,38;639346,38
2023;0120;4348;72   ;01371;2707593,59;2707593,59;2705558,11
2023;0120;4354;29   ;01371;3830740,46;3830740,46;3830740,46
2023;0120;4354;72   ;01371;269031,72;269031,72;247748,04
2023;0120;4371;10   ;01371;12723946,00;12723946,00;12723946,00
2023;0120;4371;29   ;01371;2860,14;2860,14;2860,14
2023;0120;4371;72   ;01371;11975567,71;1156860,96;1156860,96
2023;0120;4371;97   ;01371;1672462,26;1511970,26;1511970,26
2023;0121;4329;10   ;01071;2276778,09;2276778,09;2263159,75
2023;0122;4339;31   ;01371;1858300,51;1858300,51;1858300,51
2023;0122;4339;72   ;01371;8423990,08;8423990,08;8423990,08
2023;0122;4339;94   ;01371;34418,00;34418,00;32082,00
2023;0122;4340;29   ;01371;438980,08;438980,08;420244,20
2023;0122;4340;31   ;01371;6102383,31;6102383,31;6102383,31
2023;0122;4340;52   ;01371;82919,64;82919,64;81214,10
2023;0122;4340;72   ;01371;32206144,96;32204444,28;32198471,72
2023;0122;4340;94   ;01371;458375,20;458375,20;458375,20
2023;0122;4340;95   ;01371;329307,03;329307,03;329307,03
2023;0123;4341;10   ;02321;9585275,97;9548795,41;9308388,39
2023;0123;4341;24   ;02321;4197824,12;4197824,12;4197824,12
2023;0123;4405;10   ;02321;6936510,76;6864288,08;6637345,49
2023;0123;4405;57   ;02321;65221,11;65221,11;65221,11
2023;0123;4540;10   ;02321;288723501,28;287576576,74;281745856,30
2023;0123;4540;24   ;02321;1903336,34;1822213,25;1754859,97
2023;0123;4540;57   ;02321;285851,34;285851,34;285851,34
2023;0125;4019;10   ;02151;531,30;531,30;531,30
2023;0125;4158;10   ;02151;2278500,00;2278500,00;2278500,00
2023;0125;4356;10   ;02151;11933333,35;11933333,35;11876283,47
2023;0125;4357;10   ;02151;7342643,18;7342643,18;7339685,19
2023;0125;4361;10   ;02151;6784306,93;6784306,93;6344636,56
2023;0126;4342;10   ;01231;4791283,06;4791180,15;4402218,07
2023;0126;4342;24   ;01231;8367,08;8367,08;7965,46
2023;0126;4342;95   ;01231;233557,87;233557,87;233557,87
2023;0126;4343;10   ;01231;59011,44;59011,44;59011,44
2023;0126;4344;10   ;01231;777131,44;777131,44;777131,44
2023;0127;4351;10   ;01231;1025953,88;1025953,88;1025953,88
2023;0127;4448;10   ;01231;21225671,08;10184720,89;10184720,89
2023;0127;4448;15   ;01231;57620796,71;56793489,21;56793489,21
2023;0127;4448;24   ;01231;114635,39;114635,39;114635,39
2023;0127;4448;97   ;01231;4769789,84;1317950,65;1317950,65
2023;0127;4492;10   ;01231;815203,91;815203,91;813541,48
2023;0127;4492;15   ;01231;312751,33;312751,33;311589,60
2023;0127;4492;24   ;01231;195764,80;195764,80;195764,80
2023;0127;4492;60   ;01231;126581,40;0,00;0,00
2023;0127;4494;10   ;01231;1861231,33;1861231,33;1704215,25
2023;0127;4494;15   ;01231;2070000,00;1350000,00;1350000,00
2023;0127;4512;10   ;01231;92713,42;92713,42;92713,42
2023;0127;4512;24   ;01231;4701859,34;4347029,18;4123331,40
2023;0129;4352;10   ;01231;4475,10;4475,10;4475,10
2023;0129;4377;10   ;02371;1830902,58;1830902,58;1830902,58
2023;0129;4377;91   ;02371;418716,31;418716,31;418366,35
2023;0131;2067;10   ;02151;741573,56;741573,56;741573,56
2023;0131;4221;10   ;02151;483,00;0,00;0,00
2023;0131;4364;10   ;02151;1188961,63;1188961,63;1188961,63
2023;0133;4370;10   ;02151;3583989,58;3583989,58;3580519,74
2023;0133;4409;10   ;02151;79578,71;79578,71;79578,71
2023;0133;4411;10   ;02151;4183094,89;4183094,89;4183094,89
2023;0134;2073;60   ;04101;15883952,89;15883952,89;15883952,89
2023;0134;4103;10   ;01481;3807932,40;3707943,23;3707943,23
2023;0134;4103;60   ;01481;8905284,93;4629500,00;4629500,00
2023;0134;4386;10   ;01481;20091,66;20091,66;20091,66
2023;0134;4386;71   ;01481;263971,41;263971,41;263895,51
2023;0135;4223;10   ;01231;0,00;0,00;0,00
2023;0135;4375;10   ;01231;12960,94;12960,94;12960,94
2023;0135;4375;71   ;01231;5152464,00;5152464,00;5152464,00
2023;0136;4378;10   ;02151;1676666,90;1676666,90;1608341,37
2023;0136;4384;10   ;02151;80570,28;80570,28;80570,28
2023;0139;2094;57   ;04691;13274144,70;12192572,27;11948730,27
2023;0139;4400;10   ;01451;163494,07;163494,07;163494,07
2023;0139;4412;1    ;01451;0,00;0,00;0,00
2023;0139;4412;10   ;01451;33166478,50;33081416,17;32330559,66
2023;0139;4412;24   ;01451;400068,00;339028,00;339028,00
2023;0139;4412;27   ;01451;3077155,46;3077155,46;3077155,46
2023;0139;4413;10   ;01451;37524592,45;34885569,68;30103113,03
2023;0139;4414;1    ;01451;0,00;0,00;0,00
2023;0139;4414;10   ;01451;0,00;0,00;0,00
2023;0139;4415;10   ;01451;11199917,69;11195381,21;10191959,99
2023;0139;4415;24   ;01451;273000,00;0,00;0,00
2023;0143;4418;10   ;01451;53027271,05;53027271,05;53027271,05
2023;0143;4419;10   ;01451;95724141,83;95724141,83;95718017,03
2023;0143;4419;27   ;01451;2045930,77;2045930,77;2045930,77
2023;0143;4419;45   ;01451;215950,68;215950,68;215950,68
2023;0143;4421;10   ;01451;181956679,23;181515352,41;180588192,18
2023;0143;4421;15   ;01451;0,00;0,00;0,00
2023;0143;4421;27   ;01451;12322884,65;12322884,65;12322884,65
2023;0143;4421;95   ;01451;1432310,22;1408857,82;1379504,86
2023;0143;4422;10   ;01451;20445384,95;20441149,96;20432064,78
2023;0143;4422;57   ;01451;40388,19;40388,19;40388,19
2023;0144;4416;10   ;01451;35240,15;35240,15;35240,15
2023;0144;4416;24   ;01451;608522,75;608522,75;608522,75
2023;0144;4417;10   ;01451;47184939,30;46917252,76;46200208,83
2023;0144;4417;27   ;01451;692855,27;692855,27;692855,27
2023;0145;1048;95   ;01451;15723193,24;15186110,10;14571091,66
2023;0145;1058;1    ;01451;257952,44;218806,44;218806,44
2023;0145;1058;10   ;01451;136162,76;109100,00;107838,80
2023;0145;1058;15   ;01451;0,00;0,00;0,00
2023;0145;1058;24   ;01451;3189759,43;951259,43;951259,43
2023;0145;1058;97   ;01451;29024,00;29024,00;29024,00
2023;0145;4423;10   ;01451;1515083348,62;1513388738,42;1507211960,10
2023;0145;4423;24   ;01451;369065,16;369065,16;369065,16
2023;0145;4423;27   ;01451;1195436284,20;1195436284,20;1195436284,20
2023;0145;4423;57   ;01451;105468,04;105468,04;105468,04
2023;0145;4423;60   ;01451;2993892,09;2977352,85;2977352,85
2023;0145;4425;10   ;01451;14921053,96;14913396,41;13708073,30
2023;0145;4425;24   ;01451;160378,45;0,00;0,00
2023;0145;4427;10   ;01451;94515117,46;94515117,46;94515117,46
2023;0145;4427;15   ;01451;131623,86;131623,86;131623,86
2023;0145;4429;10   ;01451;135152284,55;134835117,02;134694959,48
2023;0145;4429;24   ;01451;878862,60;878862,60;878862,60
2023;0145;4429;57   ;01451;501578,21;501578,21;501578,21
2023;0147;1052;10   ;01231;579,60;579,60;579,60
2023;0147;1052;59   ;01231;2247082,33;2247082,33;2247082,33
2023;0147;4245;10   ;01231;1509,90;1509,90;1509,90
2023;0147;4438;10   ;01231;1239789,30;1239789,30;1239789,30
2023;0147;4446;10   ;01231;5307,25;5307,25;5307,25
2023;0147;4515;10   ;01231;718021,34;718021,34;718021,34
2023;0147;4516;1    ;01231;18448,61;18448,61;18448,61
2023;0147;4516;10   ;01231;1015168,58;1015168,58;1015168,58
2023;0147;4516;95   ;01231;427115,86;427115,86;427115,86
2023;0147;4516;97   ;01231;598243,10;598243,10;598243,10
2023;0150;4349;10   ;04291;252232358,39;250775556,59;250580492,91
2023;0150;4349;57   ;04291;29238,95;29238,95;29238,95
2023;0150;4349;60   ;04291;6776000,00;6706000,00;6706000,00
2023;0150;4349;92   ;04291;67792312,51;67302156,30;67271135,72
2023;0150;4349;93   ;04291;1479144,31;1479144,31;1479144,31
2023;0150;4440;10   ;04291;87084330,81;86207941,91;86144232,26
2023;0150;4440;29   ;04291;3749,01;3749,01;3749,01
2023;0150;4440;57   ;04291;1988,75;1988,75;1988,75
2023;0150;4440;92   ;04291;5935026,45;5887841,40;5876932,39
2023;0150;4440;93   ;04291;114077,02;114077,02;114077,02
2023;0151;2074;10   ;01261;239453162,94;226552845,48;211829942,26
2023;0151;2074;13   ;01261;2701,30;2701,30;2701,30
2023;0151;2074;21   ;01261;35474934,18;34952507,33;34739110,23
2023;0151;2074;23   ;01261;610673575,94;610673540,15;610673540,15
2023;0151;2075;10   ;01261;11194300,13;11194300,13;11192516,24
2023;0152;1060;39   ;04141;1446088,90;1446088,90;1417420,90
2023;0152;1060;57   ;04141;22119473,42;21442187,40;21259271,32
2023;0154;2039;10   ;04291;557609,69;557609,69;552538,31
2023;0154;2041;10   ;04291;50091408,09;50091408,09;50091408,09
2023;0154;2041;57   ;04291;43114,13;43114,13;43114,13
2023;0154;2041;95   ;04291;1046638,12;1046638,12;1046638,12
2023;0154;4437;10   ;04291;313353613,57;311955593,72;298277639,98
2023;0154;4437;57   ;04291;158382,87;158382,87;158382,87
2023;0154;4437;92   ;04291;1028434,59;51421,73;0,00
2023;0154;4437;95   ;04291;5655801,28;5655801,28;5655801,28
2023;0154;4441;10   ;04291;576184882,27;549252621,77;547345268,04
2023;0154;4441;57   ;04291;3957,44;3957,44;3957,44
2023;0154;4455;10   ;04291;6705563,51;6454146,48;6187731,38
2023;0155;2079;10   ;01401;25057979,07;25057979,07;25057979,07
2023;0155;2079;49   ;01401;589139,09;583915,09;550406,48
2023;0155;2079;53   ;01401;121960,43;121960,43;121960,43
2023;0155;2083;10   ;01401;0,00;0,00;0,00
2023;0155;2083;24   ;01401;41976,00;0,00;0,00
2023;0155;2083;53   ;01401;676781,65;516752,87;513818,52
2023;0155;2083;60   ;01401;0,00;0,00;0,00
2023;0155;2083;70   ;01401;297519,56;297519,56;297112,08
2023;0155;2083;74   ;01401;24069,00;24069,00;22913,69
2023;0155;2083;95   ;01401;205367,23;205173,99;205173,99
2023;0155;4302;10   ;01401;0,00;0,00;0,00
2023;0155;4302;60   ;01401;32306,51;32306,51;32306,51
2023;0155;4337;10   ;01401;59988,21;59988,21;59497,77
2023;0155;4464;10   ;01401;0,00;0,00;0,00
2023;0155;4464;53   ;01401;5755,37;5755,37;5755,37
2023;0155;4469;24   ;01401;0,00;0,00;0,00
2023;0155;4469;27   ;01401;429,85;429,85;409,22
2023;0155;4469;53   ;01401;0,00;0,00;0,00
2023;0155;4469;95   ;01401;0,00;0,00;0,00
2023;0155;4469;97   ;01401;1498,00;1498,00;1480,02
2023;0155;4470;24   ;01401;603876,13;603876,13;601790,90
2023;0155;4470;27   ;01401;129,00;129,00;129,00
2023;0155;4470;53   ;01401;4315380,69;4309431,69;4186011,53
2023;0155;4470;60   ;01401;1343183,83;1224425,80;1170055,51
2023;0155;4470;66   ;01401;1519,02;1519,02;1519,02
2023;0155;4470;70   ;01401;33675,80;33266,30;32942,71
2023;0155;4471;10   ;01401;307404255,65;307404255,65;307404255,65
2023;0155;4471;27   ;01401;590223,34;569631,73;569631,73
2023;0155;4471;53   ;01401;2153483,01;2139425,11;2135969,19
2023;0155;4471;70   ;01401;45453,47;45453,47;45272,78
2023;0155;4472;1    ;01401;1406689,50;403339,50;399321,93
2023;0155;4472;10   ;01401;432773525,10;432454464,04;432451325,76
2023;0155;4472;15   ;01401;751057,96;441708,69;437778,96
2023;0155;4472;2    ;01401;14999844,52;13950445,96;13783040,61
2023;0155;4472;24   ;01401;1702235,28;1702235,28;1683574,63
2023;0155;4472;27   ;01401;11446747,31;11370189,78;11211292,41
2023;0155;4472;45   ;01401;42862,00;42862,00;42347,66
2023;0155;4472;53   ;01401;10377835,83;9836699,48;9272317,43
2023;0155;4472;60   ;01401;1187669,99;1005988,57;970535,34
2023;0155;4472;66   ;01401;39953,92;39953,92;39953,92
2023;0155;4472;70   ;01401;964253,79;963298,29;956564,35
2023;0155;4472;95   ;01401;547239,87;487906,31;487906,31
2023;0155;4472;97   ;01401;345505,70;282495,13;281619,55
2023;0155;4479;10   ;01401;647036,42;541995,98;503225,55
2023;0155;4479;15   ;01401;0,00;0,00;0,00
2023;0155;4479;24   ;01401;0,00;0,00;0,00
2023;0155;4479;70   ;01401;590920,79;318798,18;291062,73
2023;0155;4479;74   ;01401;36009,44;36009,44;32876,62
2023;0155;4479;95   ;01401;0,00;0,00;0,00
2023;0155;4479;97   ;01401;0,00;0,00;0,00
2023;0155;4484;10   ;01401;19174241,37;19174241,37;19174241,37
2023;0155;4484;53   ;01401;325594,54;325594,54;325594,54
2023;0155;4484;60   ;01401;5069071,97;5055240,09;4992177,56
2023;0155;4484;66   ;01401;0,00;0,00;0,00
2023;0155;4508;95   ;01401;0,00;0,00;0,00
2023;0155;4509;95   ;01401;1423171,42;1366796,42;1350982,55
2023;0156;4466;10   ;04291;170472876,59;167502268,30;166906253,51
2023;0156;4466;57   ;04291;1988,75;1988,75;1988,75
2023;0156;4466;92   ;04291;41659347,24;38513298,06;38249027,40
2023;0156;4467;10   ;04291;63920246,61;62271100,96;62165347,07
2023;0156;4467;93   ;04291;401805,25;401805,25;401805,25
2023;0157;1085;10   ;04291;1000503,70;890737,04;838277,79
2023;0157;1085;95   ;04291;22884834,13;22497835,56;22240214,78
2023;0157;4453;10   ;04291;153409606,87;152462863,87;152461338,73
2023;0157;4453;62   ;04291;3444404,00;3294404,00;3294404,00
2023;0157;4453;63   ;04291;2564184,00;2513323,00;2513323,00
2023;0157;4453;92   ;04291;178361,75;108551,35;107256,89
2023;0157;4454;10   ;04291;343584992,75;343039191,39;343039191,39
2023;0157;4454;37   ;04291;12286235,97;12286235,97;12286235,97
2023;0157;4457;10   ;04291;1396491048,69;1371736489,24;1371735675,12
2023;0157;4457;37   ;04291;60535082,47;60535082,47;60535082,47
2023;0157;4457;57   ;04291;16626,54;16626,54;16626,54
2023;0157;4457;60   ;04291;5950,01;0,00;0,00
2023;0157;4457;62   ;04291;54502322,00;54502322,00;54502322,00
2023;0157;4457;63   ;04291;9283200,00;9283200,00;9283200,00
2023;0157;4459;10   ;04291;194518107,92;194409859,04;205409104,24
2023;0157;4459;37   ;04291;108624702,74;108163889,60;108163889,60
2023;0157;4459;92   ;04291;94279050,12;94279050,12;94279050,12
2023;0157;4459;95   ;04291;119529,19;0,00;0,00
2023;0157;4461;10   ;04291;260005528,59;259783122,57;259754404,99
2023;0157;4461;57   ;04291;1988,75;1988,75;1988,75
2023;0157;4461;92   ;04291;995385,44;995385,44;995385,44
2023;0158;4451;10   ;04291;58095331,42;54975962,82;54975099,92
2023;0158;4451;37   ;04291;1028000,50;1028000,50;1028000,50
2023;0158;4451;57   ;04291;7118,15;7118,15;7118,15
2023;0158;4451;62   ;04291;2126335,00;820618,00;820618,00
2023;0158;4451;63   ;04291;0,00;0,00;0,00
2023;0158;4451;92   ;04291;29151576,03;28749525,18;28566952,70
2023;0158;4451;93   ;04291;1311501,41;1311501,41;1311501,41
2023;0158;4452;10   ;04291;482486567,98;457516145,94;456794799,76
2023;0158;4452;37   ;04291;34799888,93;34799888,91;34799888,91
2023;0158;4452;57   ;04291;19575,85;19575,85;19575,85
2023;0158;4452;62   ;04291;2797110,00;2743110,00;2743110,00
2023;0158;4452;92   ;04291;467933874,81;451888242,03;423665836,68
2023;0158;4456;10   ;04291;113494464,93;113463895,74;113463102,15
2023;0158;4456;24   ;04291;250136,98;250136,98;250136,98
2023;0158;4456;57   ;04291;2945,64;2945,64;2945,64
2023;0158;4463;10   ;04291;402758466,13;402741765,71;402740055,37
2023;0158;4463;24   ;04291;43125514,78;30629654,47;30629654,47
2023;0158;4463;37   ;04291;8856895,23;8856895,23;8856251,72
2023;0158;4463;57   ;04291;8773,93;8773,93;8773,93
2023;0158;4463;62   ;04291;26605859,00;26605859,00;26603480,37
2023;0158;4463;63   ;04291;7885137,00;7885137,00;7885137,00
2023;0158;4463;92   ;04291;24505164,84;24505159,96;24505097,46
2023;0158;4465;10   ;04291;33280972,99;33262891,54;33262304,82
2023;0159;1061;10   ;04291;5968052,68;5968052,68;5962205,93
2023;0159;4460;10   ;04291;1260900002,00;1260428762,39;1260411275,92
2023;0159;4460;37   ;04291;117485,76;117485,18;117485,18
2023;0159;4460;57   ;04291;21809,63;21809,63;21809,63
2023;0159;4460;64   ;04291;215187,05;215187,05;215187,05
2023;0159;4462;10   ;04291;46910026,02;46899056,82;46898858,31
2023;0160;4483;10   ;01401;1413738,21;905746,33;901539,37
2023;0160;4483;15   ;01401;1100,00;0,00;0,00
2023;0160;4483;70   ;01401;207,10;207,10;207,10
2023;0161;1054;95   ;01501;16816,95;16816,95;16816,95
2023;0161;4480;10   ;01501;35992632,97;34177188,00;32592942,98
2023;0161;4481;10   ;01501;27660162,36;27654980,49;26116428,90
2023;0161;4481;29   ;01501;2357827,92;2357827,92;2293450,68
2023;0161;4481;52   ;01501;732716,42;732716,42;732716,42
2023;0161;4481;59   ;01501;607283,90;607283,90;607283,90
2023;0161;4481;60   ;01501;4123855,71;4123855,71;4081525,47
2023;0161;4482;10   ;01501;16040890,20;15991947,18;12789688,25
2023;0162;4161;10   ;01301;0,00;0,00;0,00
2023;0162;4161;95   ;01301;466195399,75;466195399,75;460601054,95
2023;0164;4424;10   ;01231;656644,24;623012,24;618197,50
2023;0164;4424;15   ;01231;250000,00;250000,00;250000,00
2023;0164;4426;10   ;01231;4421881,66;4421881,66;4421881,66
2023;0164;4430;10   ;01231;152796,49;144769,12;144349,14
2023;0164;4538;10   ;01231;273848,76;273848,76;273848,76
2023;0164;4541;10   ;02371;768075,69;768075,69;768075,69
2023;0164;4541;91   ;02371;22161,71;22161,71;22150,57
2023;0703;2009;10   ;01091;1462162901,64;1459089672,59;1436698607,00
2023;0703;2009;60   ;01091;17215058,72;17215058,72;16946702,08
2023;0703;2028;60   ;01091;9877268,99;9877268,99;9610838,28
2023;0703;4493;10   ;01091;1191520426,70;1191520426,70;1191520426,70
2023;0705;1074;95   ;01371;639991,20;639991,20;612127,37
2023;0705;2009;10   ;01021;81555616,63;81482241,85;69313037,45
2023;0705;2009;60   ;02361;3345050,77;3345050,77;3345050,77
2023;0705;2017;10   ;02121;3637620,47;3637620,47;3637620,47
2023;0705;2017;60   ;02121;43975957,56;42228987,54;38918348,98
2023;0705;2018;10   ;02121;2812270,40;2812270,40;2812270,40
2023;0705;2018;47   ;02121;260,00;260,00;260,00
2023;0705;2018;60   ;02121;18730199,36;18724255,41;18574170,07
2023;0705;2029;83   ;04381;13501918,58;13501918,58;13112843,54
2023;0705;2038;10   ;04711;6976617,85;6964767,85;6372872,86
2023;0705;2049;11   ;01911;8101472,13;8078191,65;8078191,65
2023;0705;2049;71   ;01911;23094768,47;23094768,47;23094768,47
2023;0705;2064;10   ;01501;23896813,88;23750527,35;23649411,53
2023;0705;2064;95   ;01501;770715,15;770715,15;770715,15
2023;0705;2121;10   ;01021;2677566,91;2677566,91;2592000,20
2023;0705;2157;10   ;01021;32986601,33;32986601,33;32986601,33
2023;0705;2500;10   ;01071;2776712,47;2762239,60;2752101,08
2023;0705;2500;10   ;01081;44714544,77;44619917,02;44347428,12
2023;0705;2500;10   ;01101;4448717,22;4448717,22;4389257,47
2023;0705;2500;10   ;01191;101759816,24;101438295,49;101281668,78
2023;0705;2500;10   ;01221;14040243,71;14040243,71;13986195,83
2023;0705;2500;10   ;01231;22000536,67;21977558,91;21280641,90
2023;0705;2500;10   ;01251;259484596,34;259394285,88;258522943,10
2023;0705;2500;10   ;01271;13644799,34;13642551,05;13609712,37
2023;0705;2500;10   ;01301;13781011,26;13773172,11;13420441,54
2023;0705;2500;10   ;01401;1987721,68;1987721,68;1987721,68
2023;0705;2500;10   ;01451;124104662,18;123360193,77;122414190,38
2023;0705;2500;10   ;01481;2161029,79;2161029,79;2161029,79
2023;0705;2500;10   ;01491;37120375,58;37098513,44;35129138,49
2023;0705;2500;10   ;01501;25509499,06;25308096,09;25267208,71
2023;0705;2500;10   ;01511;196220230,87;196127992,85;196039937,84
2023;0705;2500;10   ;01521;7979597,10;7895534,48;7764539,06
2023;0705;2500;10   ;01541;4682502,24;4679172,16;4482770,57
2023;0705;2500;10   ;01631;8833987,28;8833597,28;8708005,06
2023;0705;2500;10   ;01711;3579723,08;3569401,31;3560420,89
2023;0705;2500;10   ;02061;14099169,69;14099052,59;14033769,27
2023;0705;2500;10   ;02071;26884408,93;26881036,35;24836610,52
2023;0705;2500;10   ;02151;22326989,05;22309981,95;21797554,50
2023;0705;2500;10   ;02161;4442028,54;4436615,44;4396070,67
2023;0705;2500;10   ;02171;1564864,17;1557509,16;1455127,10
2023;0705;2500;10   ;02181;10783338,65;10783338,65;10014499,32
2023;0705;2500;10   ;02201;7291036,66;7291036,56;6900346,50
2023;0705;2500;10   ;02211;6901672,07;6867872,61;6460389,97
2023;0705;2500;10   ;02261;43292960,34;43288709,09;42081095,73
2023;0705;2500;10   ;02271;156930760,33;153664724,02;151173294,94
2023;0705;2500;10   ;02281;1946672,26;1944178,04;1939784,70
2023;0705;2500;10   ;02301;104858049,68;104836234,03;103570586,76
2023;0705;2500;10   ;02311;23585525,76;23565963,37;22505576,07
2023;0705;2500;10   ;02331;520369,50;520369,50;520369,50
2023;0705;2500;10   ;02351;570518,28;570518,28;568371,56
2023;0705;2500;10   ;02371;104776120,03;104776120,03;104776120,03
2023;0705;2500;10   ;02421;9464920,50;9464920,50;9464920,50
2023;0705;2500;10   ;02431;2062650,67;2062650,67;2062650,67
2023;0705;2500;10   ;02461;879578,19;879578,19;879578,19
2023;0705;2500;10   ;03041;874852,12;874852,12;874852,12
2023;0705;2500;10   ;03051;18837542,15;18837542,15;18837542,15
2023;0705;2500;10   ;03151;5571826,51;5571826,51;5571826,51
2023;0705;2500;10   ;04291;114476102,76;110502573,69;102733452,48
2023;0705;2500;26   ;02101;55757943,62;55757943,62;55757943,62
2023;0705;2500;27   ;01451;16422643,94;16422643,94;16422643,94
2023;0705;2500;29   ;01191;600882,94;600882,94;515945,70
2023;0705;2500;29   ;01371;1272124,95;1267229,27;1240656,64
2023;0705;2500;31   ;01371;8648404,43;8648404,43;8648404,43
2023;0705;2500;32   ;02461;18315,19;16909,73;16878,43
2023;0705;2500;45   ;02171;145074,40;145057,18;143903,35
2023;0705;2500;47   ;01231;12565,08;12565,08;12565,08
2023;0705;2500;47   ;02181;7356,00;7356,00;7356,00
2023;0705;2500;47   ;02301;2710418,20;2543338,20;2516844,79
2023;0705;2500;47   ;02371;1362157,00;1362157,00;1282155,98
2023;0705;2500;47   ;02431;5416,00;5416,00;5416,00
2023;0705;2500;49   ;02011;30568327,13;30568327,13;30568327,13
2023;0705;2500;50   ;02011;39913835,57;39904595,37;38975350,39
2023;0705;2500;52   ;01371;399823,59;399823,59;396882,03
2023;0705;2500;53   ;01401;1657,84;1657,84;1657,84
2023;0705;2500;57   ;01451;2270,00;2270,00;2270,00
2023;0705;2500;57   ;02261;6138,29;6138,29;6138,29
2023;0705;2500;57   ;02271;17774,91;17774,91;17774,91
2023;0705;2500;57   ;04291;70657342,75;55327834,07;55327834,07
2023;0705;2500;59   ;02441;5715940,89;5715940,89;5611412,75
2023;0705;2500;60   ;01251;250882,30;250882,30;248420,81
2023;0705;2500;60   ;02041;1030524,55;1030524,55;1027705,57
2023;0705;2500;60   ;02061;327180,61;327180,61;323857,34
2023;0705;2500;60   ;02091;15008292,80;15008292,80;15008292,80
2023;0705;2500;60   ;02171;169515,22;156385,22;156359,50
2023;0705;2500;60   ;02181;2709476,22;2709476,22;2467975,36
2023;0705;2500;60   ;02201;3982,10;3982,10;3970,08
2023;0705;2500;60   ;02211;1009926,67;732310,38;636681,12
2023;0705;2500;60   ;02241;10608570,29;10608570,29;10608570,29
2023;0705;2500;60   ;02251;4093513,87;4093513,87;4077177,05
2023;0705;2500;60   ;02301;5316528,61;5316528,61;4495568,29
2023;0705;2500;60   ;02371;4995440,68;4980599,19;4579960,99
2023;0705;2500;60   ;02431;452239,65;452239,65;396334,74
2023;0705;2500;60   ;03041;694080,91;694080,91;694080,91
2023;0705;2500;60   ;03051;4339328,72;4339328,72;4339328,72
2023;0705;2500;60   ;03151;268370,46;268370,46;268370,46
2023;0705;2500;60   ;04291;6216000,00;6216000,00;6216000,00
2023;0705;2500;67   ;03041;219680,86;219680,86;219680,86
2023;0705;2500;68   ;02271;1091981,40;1091981,40;1068785,26
2023;0705;2500;71   ;01231;404993,75;404993,75;404993,75
2023;0705;2500;71   ;01481;28376043,89;28373023,03;27874813,09
2023;0705;2500;71   ;02421;3946936,30;3751901,84;3324971,97
2023;0705;2500;72   ;01371;55391145,84;55318304,40;53775757,42
2023;0705;2500;72   ;02091;10213850,01;10047320,13;9926776,83
2023;0705;2500;72   ;02101;39719076,80;39688484,41;38753574,64
2023;0705;2500;72   ;02241;4269731,47;4269731,47;4157268,91
2023;0705;2500;73   ;02241;103163,20;103163,20;101957,16
2023;0705;2500;73   ;02331;8531867,84;8290590,00;7630086,46
2023;0705;2500;74   ;01191;8197685,23;8197685,23;8185558,34
2023;0705;2500;9    ;01081;149967,22;148549,22;147141,26
2023;0705;2500;9    ;01371;0,00;0,00;0,00
2023;0705;2500;9    ;02201;25875,00;25875,00;25875,00
2023;0705;2500;91   ;02301;241693,87;241693,87;241546,87
2023;0705;2500;91   ;02371;31117975,24;31117013,12;31016451,02
2023;0705;2500;92   ;04291;552234,88;552234,88;552234,88
2023;0705;2500;93   ;04291;581017,90;581017,90;581017,90
2023;0705;2500;94   ;01371;620498,90;620498,90;602506,62
2023;0705;2500;95   ;01481;221525,08;221525,08;221525,08
2023;0705;2500;95   ;02201;61514,27;61514,27;61514,27
2023;0705;2500;95   ;04291;3623167,61;3623167,61;3623167,61
2023;0705;7002;10   ;02121;706285482,68;706285482,68;539070208,78
2023;0705;7002;78   ;02121;1188366271,57;1188366271,57;905020830,76
2023;0705;7003;10   ;01916;1379645433,72;1379645433,72;1379645433,72
2023;0705;7004;10   ;02011;112832752,12;112832752,12;109914403,50
2023;0705;7004;10   ;02061;1903053,63;1903053,63;1826347,29
2023;0705;7004;10   ;02161;6218,45;6218,45;6218,45
2023;0705;7004;10   ;02181;308649,10;308649,10;279249,94
2023;0705;7004;10   ;02201;3548403,74;3548403,74;3142822,01
2023;0705;7004;10   ;02211;67730,67;67730,67;67730,67
2023;0705;7004;10   ;02281;1237,13;1237,13;1237,13
2023;0705;7004;10   ;02301;34858304,71;6975356,45;5887922,17
2023;0705;7004;10   ;02351;6394345,44;6392031,47;6153536,34
2023;0705;7004;10   ;02421;41181,94;41181,94;41181,94
2023;0705;7004;10   ;03051;266643,34;266643,34;266643,34
2023;0705;7004;10   ;03151;589750,29;589750,29;589750,29
2023;0705;7004;60   ;02011;10041571,72;10034629,24;9655942,94
2023;0705;7004;60   ;02041;3000,00;3000,00;3000,00
2023;0705;7004;60   ;02071;368880,59;368880,59;337133,77
2023;0705;7004;60   ;02091;1649113,96;1649113,96;1493058,26
2023;0705;7004;60   ;02101;5206173,54;5205654,70;5036311,86
2023;0705;7004;60   ;02121;55628988,75;55626184,87;52607041,31
2023;0705;7004;60   ;02151;28419,71;28419,71;28419,71
2023;0705;7004;60   ;02241;265247,47;265247,47;255596,90
2023;0705;7004;60   ;02251;1494276,57;1374088,02;1326681,54
2023;0705;7004;60   ;02261;4934753,89;4934726,60;4753870,61
2023;0705;7004;60   ;02271;34343267,11;33816682,29;31640791,30
2023;0705;7004;60   ;02311;7708605,33;7708605,33;7558427,00
2023;0705;7004;60   ;02321;8549165,87;8479900,53;7927919,31
2023;0705;7004;60   ;02351;492328,61;492328,61;461309,53
2023;0705;7004;60   ;04551;1610400,97;1598305,08;1587797,62
2023;0705;7004;61   ;04711;1283016,96;1283016,96;1275484,54
2023;0705;7004;73   ;02331;139587,78;139587,78;139587,78
2023;0705;7004;91   ;02371;2578794,10;2571797,87;2405237,98
2023;0705;7006;10   ;01011;300075433,87;300075433,87;300075433,87
2023;0705;7006;10   ;01021;180497750,54;180497750,54;180497750,54
2023;0705;7006;10   ;01031;588717433,00;588717433,00;588717433,00
2023;0705;7006;10   ;01051;14998000,00;14998000,00;14998000,00
2023;0705;7006;10   ;01091;159345166,53;159345166,53;159345166,53
2023;0705;7006;10   ;01441;6390429,96;6390429,96;6390429,96
2023;0705;7006;42   ;01011;104116246,44;104116246,44;104116246,44
2023;0705;7006;42   ;01021;89936890,19;89936890,19;89936890,19
2023;0705;7006;42   ;01031;924468802,18;924468802,18;924468802,18
2023;0705;7006;42   ;01051;6972088,91;6972088,91;6972088,91
2023;0705;7006;42   ;01091;332344251,86;332344251,86;332344251,86
2023;0705;7006;42   ;01441;73337590,58;73337590,58;73337590,58
2023;0705;7006;43   ;01011;136034530,69;136034530,69;136034530,69
2023;0705;7006;43   ;01021;92566843,80;92566843,80;92566843,80
2023;0705;7006;43   ;01031;696739985,16;696739985,16;696739985,16
2023;0705;7006;43   ;01051;5703034,45;5703034,45;5703034,45
2023;0705;7006;43   ;01091;222861807,96;222861807,96;222861807,96
2023;0705;7006;43   ;01441;53934620,15;53934620,15;53934620,15
2023;0705;7007;10   ;01051;2606000,00;2606000,00;2606000,00
2023;0705;7007;10   ;01251;7327835047,53;7327835047,53;7327835047,53
2023;0705;7007;10   ;01401;619992697,96;619992697,96;619992697,96
2023;0705;7007;78   ;01251;255000000,00;255000000,00;255000000,00
2023;0705;7008;10   ;04711;20553445,15;20553445,15;20553445,15
2023;0705;7008;42   ;04711;2422839186,73;2422839186,73;2422839186,73
2023;0705;7010;10   ;01251;20066193,86;20066193,86;20066193,86
2023;0705;7010;10   ;01401;587888,38;587888,38;587888,38
2023;0705;7010;10   ;01511;3223744,10;3012488,50;3012488,50
2023;0705;7012;10   ;04711;1051771,42;1051771,42;1051771,42
2023;0705;7013;83   ;04381;12150213,16;12150213,16;12150213,16
2023;0705;7014;10   ;04711;57604851,36;57604851,36;57604851,36
2023;0705;7016;10   ;04711;39325949,20;39325949,20;39325949,20
2023;0705;7017;10   ;04711;3883668,89;3883668,89;3883668,89
2023;0705;7018;10   ;04711;78869703,61;78869703,61;78869703,61
2023;0705;7022;42   ;04711;422481,79;422481,79;422481,79
2023;0705;7022;43   ;04711;625268,51;625268,51;625268,51
2023;0705;7022;60   ;04711;11557,24;11557,24;11557,24
2023;0705;7023;10   ;04711;30492450,79;30492450,79;30492450,79
2023;0705;7023;60   ;04711;47017959,55;47017959,55;47017959,55
2023;0705;7024;10   ;01941;26945945,08;26945945,08;26945945,08
2023;0705;7030;10   ;01916;206208137,00;206208137,00;206208137,00
2023;0705;7030;15   ;01916;189502164,01;189502164,01;189502164,01
2023;0705;7037;10   ;04711;5464089,23;5464089,23;5464089,23
2023;0705;7037;43   ;04711;1253747313,51;1253747313,51;1253747313,51
2023;0705;7043;10   ;01916;68781777,62;68781777,62;68781777,62
2023;0705;7044;10   ;04711;1601301,44;1601301,44;1601301,44
2023;0705;7046;10   ;04711;36693661,64;36693661,64;36693661,64
2023;0705;7047;10   ;04711;8824752,57;8824752,57;8824752,57
2023;0705;7048;10   ;04711;1741973500,53;1741973500,53;1741973500,53
2023;0705;7049;10   ;04711;111571027,56;111571027,56;111571027,56
2023;0705;7051;10   ;04711;65366246,69;65366246,69;65366246,69
2023;0705;7052;10   ;04711;42978559,23;42978559,23;42978559,23
2023;0705;7055;10   ;04711;106510,56;106510,56;106510,56
2023;0705;7056;10   ;04711;27501421,68;27501421,68;27501421,68
2023;0705;7058;10   ;04711;23609032,50;23609032,50;23609032,50
2023;0705;7059;10   ;04711;12546064,97;12546064,97;12546064,97
2023;0705;7060;10   ;04711;23263031,61;23263031,61;23263031,61
2023;0705;7061;10   ;04711;4291016,97;4291016,97;4291016,97
2023;0705;7063;10   ;04711;1042750,48;1042750,48;1042750,48
2023;0705;7064;10   ;04711;19629470,50;19629470,50;19629470,50
2023;0705;7088;10   ;04711;48170975,06;48170975,06;48170975,06
2023;0705;7089;10   ;04711;1925755,51;1925755,51;1925755,51
2023;0705;7091;10   ;04711;2926490,40;2926490,40;2926490,40
2023;0705;7094;10   ;04711;98648,81;98648,81;98648,81
2023;0705;7096;10   ;04711;6803472,72;6803472,72;6803472,72
2023;0705;7104;10   ;04711;4065015,05;4065015,05;4065015,05
2023;0705;7205;10   ;04711;305710825,17;305710825,17;305710825,17
2023;0705;7208;60   ;02361;55747966,85;55747966,85;55747966,85
2023;0705;7209;60   ;04711;28453715,96;28453715,96;28453715,96
2023;0705;7225;60   ;04711;294904809,08;294904809,08;294904809,08
2023;0705;7312;60   ;04711;20821765,72;20821765,72;20821765,72
2023;0705;7428;42   ;04711;6837238,58;6837238,58;6837238,58
2023;0705;7428;43   ;04711;2887013,33;2887013,33;2887013,33
2023;0705;7428;52   ;04711;4428814,32;4428814,32;4428814,32
2023;0705;7441;10   ;01941;169236209,24;169236209,24;169236209,24
2023;0705;7473;10   ;04711;28873450,02;28873450,02;28873450,02
2023;0705;7484;10   ;04711;3335212,21;3335212,21;3335212,21
2023;0705;7529;42   ;04711;3222384,69;3222384,69;3222384,69
2023;0705;7529;43   ;04711;964974,81;964974,81;964974,81
2023;0705;7529;60   ;04711;3458783,32;3458783,32;3458783,32
2023;0705;7586;10   ;04711;1086390,52;1086390,52;1086390,52
2023;0705;7617;42   ;04711;281220,57;281220,57;281220,57
2023;0705;7617;43   ;04711;116229,76;116229,76;116229,76
2023;0705;7617;60   ;04711;1716364,54;1716364,54;1716364,54
2023;0705;7658;10   ;01916;63846176,76;37379553,50;37379553,50
2023;0705;7663;10   ;01911;724275466,66;724275466,66;724275466,66
2023;0705;7663;11   ;01911;0,00;0,00;0,00
2023;0705;7700;10   ;01915;0,00;0,00;0,00
2023;0705;7722;10   ;04711;23614217,00;23614217,00;23614217,00
2023;0705;7725;10   ;04711;202255118,86;202255118,86;202255118,86
2023;0705;7734;10   ;01915;3614000,00;3614000,00;3614000,00
2023;0705;7752;61   ;01915;33503,20;33503,20;33503,20
2023;0705;7803;10   ;01081;772417088,71;669310216,27;621408987,38
2023;0705;7840;42   ;04711;1347209,39;1347209,39;1347209,39
2023;0705;7840;43   ;04711;556898,73;556898,73;556898,73
2023;0705;7840;60   ;04711;1020734,13;1020734,13;1020734,13
2023;0705;7862;82   ;01911;9967702,84;9967702,84;9967702,84
2023;0705;7886;10   ;01916;2243439195,89;2111470192,70;2111470192,70
2023;0705;7939;10   ;04711;2281125,21;2281125,21;2281125,21
2023;0705;7957;10   ;04711;2159110797,73;2159110797,73;2159110797,73
2023;0705;7957;15   ;04711;3294815474,66;3294815474,66;3294815474,66
2023;0705;7957;42   ;04711;2296302180,87;2296302180,87;2296302180,87
2023;0705;7957;43   ;04711;843000000,00;843000000,00;843000000,00
2023;0705;7957;61   ;04711;78500000,00;78500000,00;78500000,00
2023;0705;7957;96   ;04711;568393374,52;568393374,52;568393374,52
2023;0705;7959;10   ;04711;372588711,49;372588711,49;372588711,49
2023;0706;2025;60   ;04031;14572356,58;14572356,58;14065073,87
2023;0706;2025;77   ;04031;102872211,29;102872211,29;98466548,46
2023;0706;2053;10   ;01031;1277719939,65;1277719939,65;1277719939,65
2023;0706;2054;10   ;01031;5064361281,50;5064361281,50;5064361281,50
2023;0706;2055;60   ;04031;98097088,00;98097088,00;98097088,00
2023;0706;2091;60   ;04031;83329059,10;83329059,10;83059974,85
2023;0706;2091;77   ;04031;310835172,03;309487901,20;298080056,62
2023;0706;2109;60   ;04031;257290,39;257290,39;257290,39
2023;0706;2109;77   ;04031;4262741,12;4260852,63;4197275,65
2023;0706;4395;24   ;04031;37144,00;37144,00;37144,00
2023;0706;4395;60   ;04031;247044116,07;246710127,97;203731073,42
2023;0706;4395;61   ;04031;35408824,00;35408824,00;35408824,00
2023;0706;4395;70   ;04031;383607,47;383607,47;383607,47
2023;0706;4395;77   ;04031;798264857,33;793905863,97;704881056,16
2023;0711;1092;10   ;01081;5304667,94;5304667,94;5006669,64
2023;0711;4259;10   ;01081;310162782,03;309774927,77;308908561,71
2023;0711;4259;60   ;01081;29310,71;29310,71;29310,71
2023;0711;4391;95   ;01081;3109660,54;3109660,54;3057341,98
2023;0714;1064;10   ;01091;2275801,41;2275801,41;2251284,15
2023;0726;2068;10   ;01441;264195,18;264195,18;262074,82
2023;0726;4150;10   ;01441;106424565,77;106399902,35;99452734,37
2023;0726;4193;10   ;01441;583148795,08;583148795,08;583148795,08
2023;0729;4239;10   ;01011;1312147828,86;1312145127,70;1299613607,87
2023;0729;4239;60   ;01011;21920438,00;21920438,00;21920438,00
2023;0734;2047;10   ;01051;4868000,00;4868000,00;4868000,00
2023;0734;2047;60   ;01051;761355,20;761355,20;761355,20
2023;0734;2077;10   ;01051;16690000,00;16690000,00;16690000,00
2023;0734;2078;10   ;01051;39085561,00;39085561,00;39085561,00
2023;0734;4003;60   ;01051;278212,57;278212,57;270528,27
2023;0734;4355;10   ;01051;8249906,19;8048788,95;7114952,10
2023;0734;4355;60   ;01051;4653,72;4653,72;4653,72
2023;0737;1009;60   ;04441;18233630,68;18167804,55;17916399,77
2023;0738;4256;60   ;04451;16775518,72;16555271,90;15704634,58
2023;0746;4445;10   ;01021;529077931,76;529077931,76;529047803,06
2023;0760;2145;10   ;01021;1888430,18;1888430,18;1853627,79
2023;0765;4084;60   ;04121;8669954,34;8669954,34;7633039,44
2023;0766;2113;60   ;02361;1384325,49;1384325,49;1384325,49
