Ano;PRGCod;ACACod;FPPCod;UniCod;VlrLiquidado;VlrPagoFinanceiro;VlrPagoOrcamentario
2023;1;4007;10;2071;100022370,4;99957747,7;99916378,34
2023;1;4008;10;2071;9663975,01;9634528,1;9605679,26
2023;1;4009;10;2071;135709356,2;135708758,6;135688339,5
2023;1;4010;10;2071;66399405,48;57305170,82;57276120,18
2023;1;4010;24;2071;3235003,93;3235003,93;3235003,93
2023;1;4098;10;2071;5336275,41;5135825,37;5098457,99
2023;1;4098;24;2071;963225,85;943583,05;943557,85
2023;1;4098;68;2071;62132,34;61727,85;60861,44
2023;2;4001;10;2121;420744880,1;412913250,3;406118473,3
2023;2;4001;49;2121;34505878,84;34505878,84;34096469,45
2023;2;4001;50;2121;2620491,52;2620491,52;1854232,02
2023;2;4001;60;2121;319521347,1;264106755,4;257625060,3
2023;2;4002;10;2121;28139272,5;28074809,66;27614785,59
2023;2;4002;60;2121;23787676,41;20035803,44;19670252,91
2023;3;4004;10;2121;478242,82;478242,82;478242,82
2023;3;4004;60;2121;26109382,98;23293238,85;15771257,87
2023;3;4005;10;2121;833622,84;833622,84;776625,06
2023;3;4005;60;2121;283885,28;224817,86;199120,84
2023;4;4006;60;4541;327310,98;327310,98;320259,33
2023;5;1004;10;1511;795782,26;565999,94;563218,85
2023;5;1039;10;1511;440605,22;282394,21;280865,92
2023;5;1039;15;1511;19953,86;19238,36;19210,81
2023;5;1039;24;1511;3776;3776;3776
2023;5;1046;15;1511;45269,27;44099,27;43809,53
2023;5;1046;95;1511;126436,1;126436,1;126436,1
2023;5;1068;1;1511;179013,62;179013,62;178518,62
2023;5;4022;1;1511;731406;731406;701567,21
2023;5;4022;10;1511;314634866,6;314478511,9;314376855,6
2023;5;4022;15;1511;34535;34535;34120,58
2023;5;4022;46;1511;423428,82;423428,82;421215,21
2023;5;4025;1;1511;1333107,26;1333107,26;1303130,62
2023;5;4025;10;1511;1159930033;1156396158;1149889651
2023;5;4025;11;1511;843085357,2;843085357,2;843085357,2
2023;5;4025;15;1511;677114,87;456346,37;434723,74
2023;5;4025;2;1511;25245877,59;25245877,59;25243455,73
2023;5;4025;24;1511;2669217,28;1916771,6;1908028,84
2023;5;4025;45;1511;6524,35;6524,35;6446,06
2023;5;4025;46;1511;293591,17;260440,5;249467,85
2023;5;4025;70;1511;302040,19;296264,19;295267,63
2023;5;4025;9;1511;0;0;0
2023;5;4025;95;1511;1583955,57;1475324,8;1370664,45
2023;5;4025;97;1511;400628,96;75284,57;75024,81
2023;5;4533;95;1511;305725,46;305725,46;283407,48
2023;6;1069;95;1511;15458438,71;15458438,71;14550124,22
2023;6;4222;1;1511;0;0;0
2023;6;4222;10;1511;55827934,01;55792894,93;55785030,42
2023;7;2002;10;1511;5671006,41;5668519,65;5668519,65
2023;7;2003;10;1511;125579214,7;125471411;125463503,7
2023;7;2003;60;1511;461690,7;461690,7;461690,7
2023;7;2004;1;1511;350000;350000;345800
2023;7;2004;10;1511;19815094,49;19756314,67;19748744,25
2023;7;2004;15;1511;0;0;0
2023;7;2004;24;1511;2032,18;2032,18;2032,18
2023;8;4105;10;1501;17000000;17000000;17000000
2023;8;4105;10;1511;920684,6;920684,6;920684,6
2023;8;4105;15;1501;92010,2;92010,2;92010,2
2023;8;4105;60;1501;54110374,22;50421547,79;50118443,5
2023;8;4105;60;1511;49067569,67;49067569,67;48783472,11
2023;8;4124;10;1511;740281,87;740281,87;724250,12
2023;8;4124;15;1501;351959,32;299919,95;287931,73
2023;8;4124;82;1501;14030948,07;14030948,07;13100811,34
2023;8;4124;82;1511;26455119,25;26455119,25;25621748,28
2023;8;4135;10;1501;25170625,26;25170625,26;25170625,26
2023;8;4135;10;1511;123693338,2;123692385,4;122894950,6
2023;8;4135;15;1501;14855213,61;13348522,94;12103530,59
2023;8;4135;60;1501;22500000;22500000;21139659,06
2023;8;4135;60;1511;18000000;18000000;17160386,32
2023;9;1026;10;1541;2838519,44;2838519,44;2838120,92
2023;9;4014;10;1541;9038648,97;9029934,36;9002459,45
2023;9;4015;10;1541;2899130,27;2899130,27;2842489,96
2023;10;2026;49;2011;11167056,04;11167056,04;11167056,04
2023;10;2026;50;2011;10355365,14;10355365,14;9377333,44
2023;10;2026;57;2011;1080;1080;1080
2023;10;4075;50;2011;8214301,75;8214301,75;8083002,86
2023;10;4077;49;2011;90147923,22;90147923,22;89713947,3
2023;10;4077;50;2011;180870667,7;180850907,2;179662757,8
2023;10;4077;60;2011;190099095,5;189961897,3;189671831,1
2023;10;4078;49;2011;34234126,18;34227589,6;33963827,09
2023;10;4078;50;2011;204312760,3;204312760,3;197788751,2
2023;11;4083;49;2011;32792569,67;32792569,67;32792569,67
2023;11;4083;50;2011;11088723,01;11088603,22;10248087,98
2023;11;4083;57;2011;17116,95;17116,95;17116,95
2023;11;4085;49;2011;14945832,68;14945832,68;14945832,68
2023;11;4085;50;2011;8091933,53;8091933,53;7459635,11
2023;11;4085;57;2011;12398,05;12398,05;12398,05
2023;11;4087;49;2011;152171708,4;152171708,4;152171708,4
2023;11;4087;50;2011;206864021,9;205805514,4;188936316,9
2023;11;4087;57;2011;1098345,53;1098345,53;1098345,53
2023;11;4194;49;2011;34314119,78;34314119,78;34314119,78
2023;11;4194;50;2011;14619252,41;14618745,04;12860974,5
2023;11;4194;57;2011;21032,12;21032,12;21032,12
2023;11;4229;50;2011;2646635,53;2646635,53;2586307,75
2023;11;4246;50;2011;12312263,47;12312263,47;12312263,47
2023;12;1010;95;1101;106583,47;106583,47;102297
2023;12;1015;10;1101;464294,05;464294,05;460408,09
2023;14;4047;10;1101;189773,29;189773,29;189218,98
2023;14;4362;10;1101;366965,19;366965,19;365796,49
2023;15;4096;10;1101;8476934,72;8476934,72;8404470,63
2023;15;4368;10;1101;113326,1;113326,1;113071,7
2023;16;4031;10;1101;392429,59;392429,59;392429,59
2023;18;4026;10;3051;26587587;26587587;26587587
2023;18;4026;60;3051;45203,6;45203,6;45203,6
2023;20;4030;60;2251;23369065,59;23365956,71;22999953,35
2023;20;4043;60;2251;607112;607112;607112
2023;21;4065;10;2351;353280214,3;350716748,5;343342907,2
2023;21;4065;15;2351;99778,7;99778,7;98591,38
2023;21;4065;24;2351;376840,17;331488,4;329921,41
2023;21;4065;97;2351;69068,95;69068,95;69068,95
2023;21;4067;10;2351;5866214,47;5863314,47;5863133,31
2023;21;4068;10;2351;601354,11;601354,11;600380,25
2023;21;4069;1;2351;4856;4856;4856
2023;21;4069;10;2351;4964235,39;4953929,14;4952639,71
2023;21;4093;10;2351;12006166,18;12006166,18;12006166,18
2023;21;4093;15;2351;202375;202375;202375
2023;22;4035;1;3051;181431,1;181431,1;181431,1
2023;22;4035;10;3051;54423830,93;54423830,93;54423830,93
2023;22;4035;15;3051;135000;135000;135000
2023;22;4035;24;3051;729234,67;729234,67;729234,67
2023;22;4035;47;3051;234588,96;234588,96;234588,96
2023;22;4035;59;3051;66256,04;66256,04;66256,04
2023;22;4035;60;3051;6653457,47;6653457,47;6653457,47
2023;22;4035;70;3051;48281,83;48281,83;48281,83
2023;22;4035;97;3051;166459,56;166459,56;166459,56
2023;22;4036;10;3051;1846234,14;1846234,14;1846234,14
2023;22;4036;60;3051;100368;100368;100368
2023;22;4037;10;3051;5195767,97;5195767,97;5195767,97
2023;22;4037;60;3051;2421537,45;2421537,45;2421537,45
2023;22;4038;10;3051;1313453,09;1313453,09;1313453,09
2023;22;4038;60;3051;519933,73;519933,73;519933,73
2023;22;4039;10;3051;1728362,83;1728362,83;1728362,83
2023;22;4039;60;3051;567073,92;567073,92;567073,92
2023;22;4040;10;3051;2065086,35;2065086,35;2065086,35
2023;22;4040;60;3051;1034412,21;1034412,21;1034412,21
2023;23;4082;60;2011;912264,39;912264,39;912264,39
2023;24;2006;10;1491;1742190,88;1739315,93;1717551,12
2023;24;2007;10;1491;24773528,5;24643699,27;24638423,59
2023;24;2007;15;1491;95127141,11;93211011,7;93211011,7
2023;24;2008;10;1491;7869308,3;7869308,3;7573941,38
2023;24;2090;10;1491;403921534,9;403921534,9;403921534,9
2023;25;4081;60;4551;69586148,12;69580944,77;69580944,77
2023;26;1001;50;2011;252656;252656;241336,45
2023;26;1002;60;2121;2064;2064;2064
2023;26;1007;10;2271;40138,66;40138,66;40138,66
2023;26;1007;70;2271;1089881,37;1089881,37;1089881,37
2023;26;1021;10;1451;294671,93;294671,93;294671,93
2023;27;2012;10;1491;3734932,75;3734932,75;3734280,05
2023;27;4044;10;1491;39863,67;39863,67;39863,67
2023;27;4045;10;1491;24033,47;24033,47;22879,86
2023;28;2013;10;1491;1977514,23;1977514,23;1977514,23
2023;28;2014;10;1491;2215515,87;2215515,87;2215515,87
2023;28;2015;10;1491;271524,51;271524,51;239882,61
2023;28;2015;10;1721;3274590,77;3110542,42;3095428,98
2023;29;4021;95;4631;8246288,68;8246288,68;8147333,22
2023;29;4032;60;4631;37666281,63;37666281,63;37214286,25
2023;29;4136;10;1301;3936211,71;3936211,71;3930437,86
2023;29;4136;74;1301;0;0;0
2023;29;4137;10;1301;1328377,99;1328377,99;1282488,28
2023;29;4137;60;1301;288001,48;288001,48;274177,41
2023;29;4138;10;1301;451084,77;451084,77;415228,93
2023;29;4393;10;4631;51301539,86;45082570,21;43436232,32
2023;29;4478;10;2301;740248,92;740248,92;740248,92
2023;29;4478;32;2301;1000000;1000000;984999,99
2023;29;4478;60;1301;0;0;0
2023;29;4478;60;2301;350000;350000;344749,99
2023;29;4478;83;2301;3904026,38;3904026,38;3776769,55
2023;29;4485;10;4631;17506055,91;17506055,91;17390310,52
2023;29;4486;10;4631;114430221,6;114430221,6;107729908,9
2023;29;4487;10;4631;0;0;0
2023;29;4487;59;4631;5270944,14;5023999,55;2854545,28
2023;29;4489;10;4631;33740717,73;33740717,73;31016529,55
2023;29;4490;10;4631;24945906,84;24945906,84;22651520,98
2023;29;4491;10;4631;13903690,76;13903690,76;12066850,39
2023;31;1083;95;1521;29661;29661;29516,68
2023;31;4046;10;1521;18686141,07;18678034,92;18670473,5
2023;31;4051;10;1521;2180292;2180292;2180192,34
2023;31;4066;10;1521;2632134,2;2632134,2;2632134,2
2023;31;4072;10;1521;533148,05;533148,05;533148,05
2023;32;4055;10;1521;3491753,7;3491753,7;3491724,04
2023;32;4056;10;1521;3759917,93;3759917,93;3742895,33
2023;32;4056;95;1521;0;0;0
2023;32;4073;10;1521;2257476,8;2257476,8;2257408,62
2023;33;1084;95;1521;79750,4;79750,4;78554,14
2023;33;4059;10;1521;9837450,97;9837444,82;9837375,51
2023;33;4060;10;1521;3993036,48;3992163,9;3991810,7
2023;33;4061;10;1521;4120254,2;4115318,75;4111787,66
2023;34;2032;1;1251;3;3;3
2023;34;2032;10;1251;130175928,5;129483428,3;129160897,5
2023;34;2032;24;1251;86921,7;86921,7;86290,76
2023;34;2032;69;1251;774,08;774,08;774,08
2023;34;2082;10;1251;3158951,97;2737301,1;2589041,69
2023;34;2082;68;1251;39380;39380;39380
2023;34;2082;70;1251;12912;12912;12912
2023;34;4048;1;1251;3930601,13;3930601,13;3809139,97
2023;34;4048;10;1251;3681865100;3679344939;3675686576
2023;34;4048;15;1251;115966726,1;115966726,1;115966726,1
2023;34;4048;2;1251;21615285,62;20945285,62;20693762,2
2023;34;4048;24;1251;560037,94;363814,51;363441,91
2023;34;4048;45;1251;36497,86;22608,86;22557,56
2023;34;4048;60;1251;1452729,22;1446423,73;1427851,01
2023;34;4048;68;1251;90597,91;90597,91;89822,34
2023;34;4048;69;1251;451141,18;325220,64;323499,59
2023;34;4048;70;1251;4231374,47;4088088,25;3863487,02
2023;34;4048;9;1251;80607,98;7818,98;0
2023;34;4048;95;1251;850497,7;850497,7;754494,31
2023;34;4048;97;1251;2591936,45;2421871,11;2358014
2023;34;4057;10;1251;9021064,98;9021064,98;9021064,98
2023;34;4057;27;1251;129696717,5;129696717,5;129696717,5
2023;34;4057;70;1251;4932205,8;4822071,56;4779532,23
2023;34;4057;73;1251;21030328,89;20891268,73;20409469,28
2023;34;4057;82;1251;8338600,7;8227063,87;8051132,86
2023;34;4057;83;1251;11997367,08;11984886,58;11904446,86
2023;34;4058;10;1251;121512086,2;121512086,2;121512086,2
2023;34;4058;24;1251;0;0;0
2023;34;4058;52;1251;7919518,11;7489485,46;7474692,46
2023;34;4058;68;1251;8415,6;8415,6;8415,6
2023;34;4166;10;1251;435360;435360;413592
2023;34;4169;10;1251;120298,16;120298,16;119020,89
2023;34;4214;10;1251;157745305,1;157745305,1;157579419,1
2023;34;4214;24;1251;68522,11;68522,11;68337,1
2023;34;4214;70;1251;265679,7;265679,7;265206,51
2023;34;4432;10;1251;496869,26;496869,26;496869,26
2023;34;4474;10;1251;364001,39;364001,39;337281,9
2023;34;4507;10;1251;42630;42630;42630
2023;34;4558;10;1251;2312253,35;346374,34;342118,94
2023;34;4558;15;1251;2823130,11;11772,06;11639,61
2023;36;2019;10;1251;25438815,17;25438561,17;25412712,54
2023;36;2020;10;1251;174557673,8;174495831,5;174154487,8
2023;37;2021;10;1251;57482,99;57331,99;50184,85
2023;37;2022;10;1251;26930904,91;26930904,91;26930904,91
2023;37;2022;49;1251;3022984,24;2587184,43;2418502,35
2023;37;2023;10;1251;189391004,1;189391004,1;189391004,1
2023;37;2023;49;1251;70220000,68;61353382,78;57500884,8
2023;38;4049;10;1501;1241272,51;1241272,51;1241272,51
2023;38;4052;10;1501;5179171,18;4701451,34;4436005,59
2023;38;4053;10;1501;3836366,18;3815207,55;3815207,55
2023;39;4012;57;4701;79007,12;74628,11;73879,88
2023;39;4074;10;1481;498910,64;498910,64;498910,64
2023;39;4074;71;1481;5106638,54;5105978,06;4939338,28
2023;39;4076;10;1481;2953455,73;2056622,55;2056622,55
2023;39;4076;71;1481;1031561,85;1031561,85;1007637,18
2023;39;4088;10;1481;717492;117492;117492
2023;39;4088;71;1481;514110,16;514110,16;514110,16
2023;39;4373;1;2161;251268,23;18237,3;18237,3
2023;39;4373;10;2161;829663,2;818009,22;811765,42
2023;39;4434;60;1481;3187500;0;0
2023;39;4434;71;1481;412345,67;412345,67;412325,2
2023;41;1081;10;1501;351201;215242,13;196297,81
2023;41;1081;25;1501;8171683;7134028,32;6724552,47
2023;41;4097;10;1501;6561790,43;6560117,23;6416793,7
2023;41;4099;10;1501;29747730,22;29704880,68;26302287,58
2023;41;4510;10;1101;71555,98;71555,98;71555,98
2023;42;4443;10;2371;38997536,26;38997536,26;38997536,26
2023;42;4443;24;2371;383117,33;383117,33;383117,33
2023;42;4443;91;2371;1440382,05;1440382,05;1433683,39
2023;42;4443;95;2371;1823970,44;1823970,44;1823970,44
2023;42;4444;10;2371;6944715,78;6944715,78;6944715,78
2023;42;4444;24;2371;141562,55;141562,55;141562,55
2023;42;4444;91;2371;332856,63;332856,63;330012,19
2023;42;4524;10;2371;9746217,87;9746217,87;9746217,87
2023;42;4524;91;2371;276075,17;276075,17;272312,74
2023;42;4550;95;2371;1942491,01;1942491,01;1854788,39
2023;42;4551;95;2371;0;0;0
2023;42;4552;95;2371;70763,9;70763,9;70763,9
2023;43;4086;1;1481;1157010,13;1157010,13;1157010,13
2023;43;4086;10;1481;13862862,42;9852467,67;9852467,67
2023;43;4086;15;1481;29144274,28;11545531,23;11545531,23
2023;43;4086;38;1481;1609114,58;0;0
2023;43;4086;59;1481;2989584,02;0;0
2023;43;4086;60;1481;3483712,69;0;0
2023;43;4089;10;1481;786604,49;678854,49;678854,49
2023;43;4089;38;1481;1250500;1019000;1019000
2023;43;4090;10;1481;350377,69;350377,69;350377,69
2023;43;4090;38;1481;8944333,53;8931111,02;8721102,92
2023;43;4091;10;1481;1396276,04;1388571,62;1368973,06
2023;43;4091;38;1481;15045;5673,25;5001,81
2023;43;4092;10;1481;548071,92;149219,63;149219,63
2023;43;4092;38;1481;8706476,6;1022327,3;1020318,63
2023;43;4475;10;1481;432838,38;432838,38;432838,38
2023;43;4476;10;1481;1147028,04;1147028,04;1147028,04
2023;43;4499;38;1481;1530163,35;525023,86;525023,86
2023;43;4499;60;1481;74520;74520;70794
2023;43;4531;10;1481;248000;248000;248000
2023;44;4102;10;2371;13909453,07;13909453,07;13909453,07
2023;44;4102;24;2371;68945,01;68945,01;68945,01
2023;44;4102;91;2371;445272,28;445272,28;440109,51
2023;44;4104;10;2371;1816676,31;1816676,31;1816676,31
2023;44;4104;91;2371;125446,86;125446,86;125446,86
2023;44;4447;10;2371;13155251,06;13155251,06;13155251,06
2023;44;4447;24;2371;149893,84;149893,84;149893,84
2023;44;4447;91;2371;3052978,28;3052978,28;2938382,54
2023;44;4449;91;2371;39829,88;39829,88;39395,3
2023;44;4536;91;2371;160360,57;160360,57;159576,97
2023;45;4063;10;2271;138638543,5;138499373,2;136265312,9
2023;45;4063;57;2271;1971514,86;1971514,86;1971514,86
2023;45;4063;70;2271;2263631,3;2263631,3;2241559,3
2023;45;4174;10;2271;597196257,7;596702106,6;590343842,9
2023;45;4174;57;2271;5410258,76;5410258,76;5410258,76
2023;45;4174;70;2271;856921,98;855428,58;853272,69
2023;45;4174;95;2271;6596523,05;6547483,19;6457678,93
2023;45;4175;10;2271;76753413,02;76182861,99;74651212,14
2023;45;4175;57;2271;639289,62;639289,62;639289,62
2023;45;4175;70;2271;2116,5;2116,5;2116,5
2023;45;4176;10;2271;148983495,2;148642239,3;144374447,8
2023;45;4176;57;2271;1408149,65;1408149,65;1408149,65
2023;45;4177;10;2271;490225962;488976439,1;482332337,1
2023;45;4177;57;2271;5367477,81;5367477,81;5367477,81
2023;45;4177;60;2271;734,81;734,81;734,81
2023;45;4177;70;2271;31138180,27;31004122,64;30047943,59
2023;45;4178;10;2271;317749615,9;317187219,4;313182506,1
2023;45;4178;45;2271;0;0;0
2023;45;4178;57;2271;3378057,27;3378057,27;3378057,27
2023;45;4178;70;2271;12762389,44;11899286,2;11734669,82
2023;45;4178;95;2271;3678329,42;3662729,42;3620845,63
2023;45;4179;10;2271;20921114,76;20510474,14;20145987,43
2023;45;4179;57;2271;26868,13;26868,13;26868,13
2023;46;4034;10;1481;856614,71;856614,71;856614,71
2023;46;4034;71;1481;10832180,47;10818635,94;10649119,74
2023;46;4108;71;1481;126720;103680;103680
2023;46;4109;45;4601;2887433,54;0;0
2023;46;4110;45;4091;5241364,07;3380577,21;3380577,21
2023;46;4112;10;1481;320020,84;320020,84;320020,84
2023;46;4112;71;1481;3402835,53;3400001,63;3399874,38
2023;46;4114;10;1481;3246710,35;2513675,84;2513675,84
2023;46;4114;24;1481;1407971,3;1200000;1200000
2023;46;4115;10;1481;411749,84;411749,84;411749,84
2023;46;4115;24;1481;2000000;1000000;1000000
2023;46;4116;1;1481;234377,75;234377,75;234377,75
2023;46;4116;10;1481;2611154,7;628623,56;628623,56
2023;46;4116;15;1481;200000;0;0
2023;46;4116;71;1481;71,52;71,52;71,52
2023;46;4117;10;1481;1051395,03;1051395,03;1051395,03
2023;46;4117;24;1481;550000;550000;550000
2023;46;4118;10;1481;103527,37;103527,37;103527,37
2023;46;4118;71;1481;1244800,33;1244800,33;1244800,33
2023;46;4309;71;1481;2000000;2000000;2000000
2023;46;4316;10;1481;518906,23;283906,23;283906,23
2023;46;4316;71;1481;881401,85;881401,85;804565,35
2023;47;4106;10;1251;43173145,23;42774388,72;42652940,29
2023;47;4106;69;1251;8832;8832;8824,3
2023;47;4106;70;1251;3472;3472;3472
2023;47;4285;72;2101;4198807,68;4099104,21;4030435,7
2023;47;4382;10;1071;9365902,77;8879958,99;8805278,97
2023;48;4171;1;2311;3166,19;3166,19;3166,19
2023;48;4171;10;2311;232003474,3;231902022,7;231141200,5
2023;48;4171;15;2311;188907,9;188207,9;188123,01
2023;48;4171;24;2311;876229,52;876229,52;876229,52
2023;48;4171;60;2311;4441,74;4441,74;4441,74
2023;48;4172;10;2311;5474077,68;5474077,68;5453748,24
2023;48;4173;10;2311;324658,2;300247,74;298392,62
2023;48;4173;15;2311;108800;108800;108800
2023;48;4173;24;2311;380117,65;380117,65;380117,65
2023;48;4180;10;2311;122540587;122297336;117823653
2023;48;4180;57;2311;268725,47;268725,47;268725,47
2023;48;4180;60;2311;1348022,83;1348022,83;1348022,83
2023;48;4180;70;2311;10292807,44;10215322,25;9391935,54
2023;48;4181;10;2311;1372293,02;1370293,02;1369477,43
2023;48;4181;15;2311;119309,25;116246,12;115815,5
2023;48;4182;10;2311;6586480,52;6586170,09;5859793,43
2023;48;4182;36;2311;1127526,26;1076350,26;1009989,03
2023;49;1032;10;2421;1091310;1066510;1055727,82
2023;49;1032;15;2421;5717736,14;5562736,14;5496237,7
2023;49;1032;24;2421;799910,58;799910,58;799910,58
2023;49;1032;71;2421;597,56;597,56;597,56
2023;49;1072;10;2421;40000;40000;40000
2023;49;1072;15;2421;0;0;0
2023;49;1072;71;2421;7617,73;7617,73;7617,73
2023;49;1075;71;2421;0;0;0
2023;49;1082;10;2421;270238,68;270238,68;270238,68
2023;49;1082;71;2421;0;0;0
2023;49;1086;10;2421;1891566,34;1891566,34;1813170,81
2023;49;1086;24;2421;34240605,88;34240605,88;34163434,43
2023;50;4224;10;1271;903427,5;903427,5;903337,74
2023;50;4225;10;1271;442325,09;442325,09;442144,68
2023;50;4234;10;1271;300157,83;300157,83;299920,85
2023;50;4236;10;1271;796678,43;796678,43;796197,22
2023;50;4236;24;1271;658082,81;658082,81;636224,28
2023;50;4236;95;1271;5307460,13;4929032,84;4924626,95
2023;50;4500;95;1271;317300;317300;305435
2023;51;4107;10;1071;5782020,58;5779541,3;5164742,33
2023;51;4107;95;1071;0;0;0
2023;52;1088;10;2151;100000;100000;100000
2023;53;4383;10;1071;4444755,39;4418445,63;4374058,89
2023;53;4383;95;1071;110000;110000;110000
2023;54;4070;10;2181;9926891,11;9926891,11;9926891,11
2023;54;4070;60;2181;188,66;188,66;188,66
2023;54;4080;10;2211;1328166,5;1316443,69;1308333,85
2023;54;4080;60;2211;55259,73;55259,73;55259,73
2023;54;4119;10;2201;1673082,18;1673082,18;1608232,5
2023;54;4195;10;2181;14192650,63;14192650,63;14192242,42
2023;54;4197;10;2181;4299715,62;4299715,62;4220041,81
2023;54;4197;60;2181;547893,14;547893,14;545876,4
2023;54;4250;10;1271;11856902,47;11856483,86;10733178,76
2023;54;4253;10;1271;17500000;17500000;17500000
2023;54;4257;10;1271;40520,78;40520,78;40471,8
2023;54;4293;10;3151;6214912,63;6214912,63;6214912,63
2023;54;4293;59;3151;79000;79000;79000
2023;54;4293;60;3151;433924,54;433924,54;433924,54
2023;55;4162;10;1071;623056,27;623056,27;622389,97
2023;55;4162;45;1071;55704,74;51334,74;51334,74
2023;55;4196;10;1071;1506523,86;1500303,86;1491032,08
2023;55;4196;57;1071;3365411,4;3328208,34;3284601,44
2023;56;1027;10;2171;611435,24;611435,24;605075,24
2023;56;1027;45;2171;24821,91;24821,91;23982,48
2023;56;1027;60;2171;23546,66;23097,48;22384,89
2023;56;4120;10;2201;530955,99;530955,99;515045,09
2023;56;4121;10;2201;1353253,08;1353253,08;1353253,08
2023;56;4148;10;3151;361951;361951;361951
2023;56;4148;60;3151;82704,4;82704,4;82704,4
2023;56;4163;10;2211;768978,73;768928,82;765448,39
2023;56;4163;60;2211;67356,68;67356,68;67356,68
2023;56;4188;10;2211;5097322,7;5071343,43;5059036,47
2023;56;4188;60;2211;99705,51;99705,51;99705,51
2023;56;4262;10;1271;4422108,97;4422108,97;4420989,24
2023;56;4262;17;1271;462521,1;462520,1;450976,1
2023;56;4262;57;1271;0;0;0
2023;56;4269;10;1271;2844926,54;2844926,54;2844926,54
2023;56;4291;59;4491;3940069,61;3890069,61;3184573,65
2023;56;4294;10;3151;7716393,12;7716393,12;7716393,12
2023;56;4294;59;3151;114973,53;114973,53;114973,53
2023;56;4294;60;3151;73054,69;73054,69;73054,69
2023;56;4322;10;1271;21260891,09;19212138,46;19135905,06
2023;56;4322;15;1271;2015000;1595000;1595000
2023;56;4322;24;1271;422530,17;422530,17;422530,17
2023;56;4322;95;1271;135770,76;135770,76;135770,76
2023;56;4322;97;1271;162920;162920;162920
2023;58;4113;60;2041;2249665,32;2249665,32;2249254,57
2023;59;4379;10;1231;572047,81;572047,81;571634,76
2023;59;4404;10;1231;6337,2;6337,2;6337,2
2023;60;1029;10;2171;1494748,42;1458681,6;1445876,3
2023;60;1029;45;2171;8999,2;8999,2;8985,45
2023;60;1029;60;2171;177060,13;176720,13;176628,52
2023;60;4122;10;2201;580521,76;580521,76;579011,19
2023;60;4220;10;2181;4629664,53;4628732,07;4612744,88
2023;60;4267;10;1271;650309,71;650309,71;649832,89
2023;60;4270;10;1271;26057,9;26057,9;26057,9
2023;61;1028;10;2171;125419,92;125419,92;125419,92
2023;61;1051;95;2201;121583,2;121583,2;121583,2
2023;61;4123;10;2201;2166088,13;2166088,13;2162010,09
2023;61;4125;10;2201;1744089,14;1744089,14;1744032,43
2023;61;4125;15;2201;0;0;0
2023;61;4128;10;2201;694129,87;694129,87;694096,27
2023;61;4275;10;1271;1954178,3;1954178,3;1954120,58
2023;61;4286;10;1271;388220,85;388220,85;388220,85
2023;62;4519;10;1501;407197,39;325214,04;324561,36
2023;62;4520;10;1501;94583,03;94583,03;93925,13
2023;62;4520;95;1501;516420,52;420847,91;420847,91
2023;63;1037;10;1221;327621,64;327621,64;327621,64
2023;63;1037;32;1221;5108,44;5108,44;5057,33
2023;63;1038;10;1221;61052,77;61052,77;61052,77
2023;63;1038;32;1221;126392,02;126392,02;125410,08
2023;63;1040;10;1221;1742085,78;1742085,78;1742085,78
2023;63;1040;32;1221;38166,7;38166,7;37380,89
2023;63;1040;95;1221;1307178,12;1307178,12;1235584,03
2023;63;1041;10;1221;459935,29;459935,29;459935,29
2023;63;1041;32;1221;47587,31;47587,31;47102,95
2023;63;4126;73;2331;1011961,37;967470,28;966967,93
2023;63;4127;10;2331;128233,67;128233,67;128233,67
2023;63;4127;60;2331;55324,5;55324,5;55324,5
2023;63;4127;73;2331;20006871,8;19749552,85;19422631,9
2023;64;1016;10;1221;252713,12;252713,12;252713,12
2023;64;1016;32;1221;17790,9;17790,9;17790,9
2023;64;1018;10;1221;1128012,6;1128012,6;1128012,6
2023;64;1018;32;1221;498972,52;498972,52;497554,96
2023;64;1019;10;1221;551433,72;551433,72;551433,72
2023;64;1019;32;1221;72696,42;72696,42;72696,42
2023;64;1020;10;1221;6054873,64;1020040,09;1020040,09
2023;64;1020;32;1221;15633492,07;238466,95;222085,65
2023;64;4164;10;2431;1338346,49;1338346,49;1338346,49
2023;64;4164;60;2431;241971,73;241971,73;237343,41
2023;64;4165;10;2431;979767,07;979767,07;979241,04
2023;64;4165;95;2431;652159,08;652159,08;620855,45
2023;64;4167;10;4331;97019;97019;97019
2023;64;4168;10;4331;157184,16;157184,16;148224,42
2023;64;4268;10;2461;316632,65;301572,63;297616,1
2023;64;4268;32;2461;758593,56;647466,68;517137,38
2023;64;4279;10;1221;500955;500955;500955
2023;64;4279;32;1221;706866,93;706866,93;705432,12
2023;64;4345;10;2461;817558,93;807894,04;807773,3
2023;64;4345;32;2461;73320,98;68815,93;67850,55
2023;64;4345;60;2461;5974;5974;5974
2023;64;4406;10;2461;322694;322694;322402,77
2023;64;4406;32;2461;71611,63;69203,25;68947,76
2023;64;4406;60;2461;10678,84;10678,84;10678,84
2023;65;1059;60;4251;3822355,81;3775555,81;3775555,81
2023;65;2081;10;1481;640437,9;640437,9;640437,9
2023;65;2081;71;1481;7266956,76;7266956,76;7266956,76
2023;65;4129;56;4251;1324937,84;1324152,14;1297711
2023;65;4129;71;4251;329019,47;329019,47;258387,27
2023;65;4130;56;4251;1976140,43;1948992,4;1936514,62
2023;65;4130;71;4251;5005736,02;5005649,83;4520071,35
2023;65;4131;71;4251;11383114,81;10768426,54;10768426,54
2023;65;4132;71;4251;78612202,4;78585306,4;78585306,4
2023;65;4133;10;4251;216000;216000;216000
2023;65;4133;56;4251;1223607,28;1222829,5;1204696,51
2023;65;4133;71;4251;2690357,77;2690357,77;2575320,34
2023;65;4226;1;1481;0;0;0
2023;65;4226;10;1481;45564688,62;38011209,34;38011209,34
2023;66;1042;10;1221;153086,97;153086,97;153086,97
2023;66;1042;32;1221;1269,2;1269,2;1269,2
2023;66;1044;10;1221;476172,81;476172,81;476172,81
2023;66;1044;32;1221;29997,78;29997,78;29745,03
2023;66;1080;10;1221;1721210,76;1721210,76;1701324,5
2023;66;1087;10;1221;215061,83;215061,83;215061,83
2023;66;1087;32;1221;3916,47;3916,47;3916,47
2023;66;4408;10;1221;124234,55;124234,55;124234,55
2023;66;4408;10;1721;650937,43;630939,43;630833,04
2023;66;4408;32;1221;145276,7;145276,7;143497,81
2023;67;2033;10;1481;119766,06;119766,06;119766,06
2023;67;2033;71;1481;1007616,59;1007616,59;1007117,55
2023;67;2034;10;1481;31310,78;31310,78;31310,78
2023;67;2034;71;1481;334936,3;334936,3;334936,3
2023;67;2035;10;1481;370185,95;369417,45;369117,45
2023;67;2035;15;1481;100000;0;0
2023;67;2035;71;1481;1366642,47;1366381,8;1353483,4
2023;67;4011;10;1481;1004771,07;574771,2;574771,2
2023;67;4011;60;1481;664056,87;0;0
2023;67;4011;71;1481;20000;20000;20000
2023;67;4139;10;1481;687792,52;687792,52;687792,52
2023;67;4139;71;1481;9438620,94;9433655,65;9324643,61
2023;68;1031;10;2071;1457732,38;1457732,38;1457732,38
2023;68;1034;10;2071;8092600;8092600;8092600
2023;68;1047;10;2071;48642374,91;46832584,09;46832584,09
2023;68;4320;10;1221;1091787,17;1091787,17;1091787,17
2023;68;4359;10;1221;2052092,68;2052092,68;1940416,97
2023;68;4496;10;2071;63029558,89;26196693,6;26190209,74
2023;69;4140;10;1501;3135485,72;3135485,72;3124068,59
2023;69;4140;10;1721;1344940,2;1269125,2;1257303,28
2023;69;4144;10;1501;2789324,92;2789324,92;2789164,42
2023;69;4155;10;1501;7012988,53;6960529,71;6935736,77
2023;69;4156;10;1501;3891557,38;3798280,35;3797937,15
2023;70;4149;10;1451;3351981,9;600224;600224
2023;70;4149;10;1481;5830082,61;5830082,61;5830059,35
2023;70;4151;10;1451;0;0;0
2023;70;4151;10;1481;5688732,08;3790140,86;3718679,53
2023;70;4151;24;1481;1309950,37;1309950,37;1309950,37
2023;71;1063;10;1301;1054249,23;1054249,23;1041959,51
2023;71;1063;24;1301;5730000;5730000;5661240
2023;71;1063;32;1301;74161,38;50449,92;50449,92
2023;71;4142;24;1301;0;0;0
2023;71;4142;32;1301;0;0;0
2023;71;4143;10;1301;148500;148500;148500
2023;71;4143;32;1301;4156034,62;4156034,62;4156034,62
2023;71;4145;10;1301;1372013,18;1372013,18;1372013,18
2023;71;4145;32;1301;11799,61;11799,61;10767,43
2023;71;4146;25;1301;10534047,05;10534047,05;10404940,38
2023;71;4146;32;1301;218581,13;218581,13;214630,17
2023;71;4147;24;1301;3286,73;3286,73;3162,82
2023;71;4147;32;1301;42327,01;42327,01;40756,04
2023;71;4152;24;1301;1289763,63;1289763,63;1274286,46
2023;71;4152;32;1301;350134,7;350134,7;345933,07
2023;71;4153;10;1301;10376397,17;10376397,17;10376397,17
2023;71;4153;32;1301;26559,18;26559,18;25284,34
2023;71;4154;10;1301;13317386,08;2667386,08;2664726,62
2023;71;4154;15;1301;199413307,7;197057540;197057540
2023;71;4154;32;1301;34629000;10070000;10070000
2023;71;4154;69;1301;199856,35;199856,35;199856,35
2023;71;4154;95;1301;85905861,14;1595608,77;1595608,77
2023;71;4477;10;1301;0;0;0
2023;71;4477;10;2301;2329440,78;2329440,78;2329440,78
2023;71;4477;69;2301;149578,98;149578,98;143659,69
2023;71;4477;83;1301;17974,48;0;0
2023;71;4477;91;2301;26133,59;26133,59;26133,59
2023;71;4477;95;1301;1193119,79;1193119,79;1106022,03
2023;71;4477;95;2301;2680656,44;2680656,44;2577406,17
2023;71;4527;95;1301;77203443,25;77183180,34;77183180,34
2023;73;1065;10;1301;8914843,73;8914843,73;8914843,73
2023;73;4157;59;1301;5207631,85;5207631,85;5051990,59
2023;73;4160;10;1301;4500;4500;4500
2023;73;4160;57;1301;1340391,8;1340391,8;1340391,8
2023;75;4170;10;1501;22541476,47;21729936,13;20426453,54
2023;75;4170;60;1501;911933,31;835397,13;742316,14
2023;75;4333;10;1941;61533,22;61533,22;58372,6
2023;76;4187;10;2261;20156291,4;20059260,5;19945589,93
2023;76;4187;24;2261;296827,7;296827,7;296827,7
2023;76;4189;10;2261;4000232,92;3999693,45;3990878,26
2023;77;4041;10;2061;3085437,19;3085437,19;3075410,49
2023;77;4041;60;2061;40213,38;40213,38;39946,98
2023;77;4190;10;2061;2749165,58;2749165,58;2748751,23
2023;77;4190;60;2061;20446,28;20446,28;20446,28
2023;77;4200;10;2061;5881786,77;5881761,43;5544300,75
2023;77;4201;10;2061;6662236,99;6662236,99;6319414,29
2023;77;4201;60;2061;146119,4;146119,4;144795,41
2023;77;4202;10;2061;2966781,54;2965731,54;2757190,75
2023;77;4271;10;2061;393991,08;393991,08;392863,71
2023;78;4204;10;2061;3929614,82;3929614,82;3926302,09
2023;78;4204;60;2061;67849,22;67849,22;67616,8
2023;78;4205;10;2061;3711606,09;3707044,98;3704854,48
2023;78;4205;60;2061;160834,46;160473,71;159168,73
2023;78;4206;10;2061;4017245,05;4017245,05;4012121,97
2023;78;4206;60;2061;11247,21;11247,21;11247,21
2023;79;4207;10;2061;2308248,97;2308248,97;2287640,26
2023;79;4207;60;2061;94183,1;94183,1;90813,6
2023;79;4208;10;2061;7024505,96;7024505,96;7021836,2
2023;79;4208;24;2061;92236,27;92236,27;90491,47
2023;79;4208;60;2061;403698,45;403698,45;390651,54
2023;79;4209;10;2061;382548,43;382548,43;382548,43
2023;79;4209;60;2061;61508,46;61508,46;59935,5
2023;80;4192;10;1501;5749535,42;5728014,72;5723864,24
2023;80;4198;10;1501;21593393,02;21236877,32;20484383,43
2023;80;4396;10;1501;1431612,39;1304640,94;1304640,94
2023;81;4183;10;2301;80247094,42;80164481,54;78432797,64
2023;81;4183;15;2301;29495718,68;0;0
2023;81;4183;32;2301;88518221,19;88087026,87;87387433,49
2023;81;4183;33;2301;1816750,37;1816750,37;1757313,54
2023;81;4183;51;2301;0;0;0
2023;81;4183;54;2301;0;0;0
2023;81;4183;60;2301;16835396,95;15793427,58;15604363,38
2023;81;4185;60;2301;177484,15;177484,15;177484,15
2023;81;4185;69;2301;120567,15;120567,15;120567,15
2023;81;4227;10;2301;6881907,02;5260067,76;5260067,76
2023;81;4227;25;2301;3153339,45;3153339,45;3133740,9
2023;81;4227;33;2301;5731286,04;5731286,04;5708732,42
2023;81;4227;60;2301;1954228,32;551244,35;551244,35
2023;81;4227;68;2301;19448491,75;19202502,92;18998504,76
2023;81;4227;69;2301;3080230,77;3021550,4;3021550,4
2023;81;4227;70;2301;7667727,77;7667727,77;7587674,73
2023;81;4227;74;2301;2374519,34;2374519,34;2370769,36
2023;81;4227;83;2301;51701543,81;51420947,53;50902141,63
2023;81;4248;10;2301;911583,75;911583,75;911139,65
2023;81;4248;33;2301;4652664,27;4652664,27;4473536,64
2023;81;4248;60;2301;5053547,83;4933823,84;4820676,76
2023;81;4248;69;2301;942508,04;942508,04;937089,96
2023;81;4248;83;2301;4890950,48;4890950,48;4532227,8
2023;81;4248;91;2301;381652,35;381652,35;362363,22
2023;81;4248;95;2301;1236200,54;1236200,54;1183972,34
2023;81;4323;95;2301;36611645,15;36544520,95;36340715,67
2023;81;4544;10;2301;0;0;0
2023;81;4544;32;2301;123872881,4;123082131,5;122654931,4
2023;81;4544;83;2301;128362082,7;125287789,9;124236096
2023;81;4554;32;2301;2974441,9;2974441,9;2974441,9
2023;81;4554;95;2301;93792984,09;93389150,35;92485920,14
2023;81;4555;95;2301;16851755,82;16851755,82;16844842,28
2023;82;4230;83;4381;26538322,24;26538322,24;25630919,22
2023;82;4231;83;4381;21263003,07;21263003,07;20294091
2023;82;4232;10;2301;16012360,39;16012360,39;16012360,39
2023;84;2024;10;1191;4703,1;4703,1;4629,3
2023;84;2027;10;1191;23874,49;23874,49;23787,99
2023;84;4199;10;1191;32988745,2;32988745,2;32804262,16
2023;84;4199;27;1191;18988826,1;18988826,1;18800800,82
2023;84;4199;83;1191;939736,11;939736,11;926563,64
2023;84;4247;10;1191;1802769,49;1802769,49;1802769,49
2023;84;4251;10;1191;4989788,15;4989788,15;4989788,15
2023;84;4252;10;1191;5169925,79;5083371,6;4929617,03
2023;84;4255;10;1191;23973970,19;23973970,19;22701499,92
2023;84;4255;48;1191;11305031,5;10541382,25;9872386,42
2023;84;4258;10;1191;7477816,81;7477816,81;7269408,69
2023;84;4260;10;1191;2661279,87;2661279,87;2661279,87
2023;84;4261;10;1191;1371824,81;1371824,81;1371824,81
2023;85;4228;10;1261;113139054,6;109139054,6;109139054,6
2023;86;4211;10;2061;436954,67;430348,67;425910,42
2023;86;4310;10;2061;1267460,19;1267460,19;1267460,19
2023;87;4210;1;3041;2420756,26;2420756,26;2420756,26
2023;87;4210;10;3041;204850494,6;204850494,6;204850494,6
2023;87;4210;24;3041;8878591,38;8878591,38;8878591,38
2023;87;4210;47;3041;2314170;2314170;2314170
2023;87;4210;60;3041;28273866,47;28273866,47;28273866,47
2023;87;4210;67;3041;87656644,49;87656644,49;87656644,49
2023;87;4210;97;3041;2590630;2590630;2590630
2023;88;1011;10;3041;6426398,67;6426398,67;6426398,67
2023;88;1011;15;3041;3499832;3499832;3499832
2023;88;1011;2;3041;8365017,49;8365017,49;8365017,49
2023;88;1011;60;3041;183490,01;183490,01;183490,01
2023;88;1011;67;3041;1999980;1999980;1999980
2023;88;1011;97;3041;1114434;1114434;1114434
2023;89;1012;10;1481;561623,47;461623,47;461623,47
2023;89;1012;15;1481;7138943,43;499396,04;499396,04
2023;89;1012;60;1481;0;0;0
2023;89;1012;71;1481;1718818,19;1718818,19;1710494,55
2023;89;4101;10;4701;0;0;0
2023;89;4213;10;2281;3094441;3094441;2820813,55
2023;89;4213;36;2281;779216,95;771647,55;720975,95
2023;90;4346;24;2421;1771123,11;1771123,1;1771123,1
2023;90;4346;71;2421;443688,82;443688,82;443688,82
2023;90;4353;10;2421;93109,16;93109,16;93109,16
2023;90;4353;15;2421;1810200;1512600;1494448,8
2023;90;4358;15;2421;0;0;0
2023;90;4358;71;2421;0;0;0
2023;90;4367;10;2421;280369,69;280369,69;280369,69
2023;90;4367;24;2421;0;0;0
2023;90;4367;36;2421;14647112,46;14647112,46;14647112,46
2023;90;4367;71;2421;411136,91;405899,36;405899,36
2023;91;4264;72;2241;1146088,51;1146088,51;1145651,2
2023;91;4264;73;2241;361113,2;361113,2;359967,13
2023;91;4265;72;2241;7428126,09;7427745,13;7280288,59
2023;91;4265;73;2241;2850;2850;2850
2023;91;4265;91;2241;884794,71;368282,01;368282,01
2023;91;4265;95;2241;918550,19;918550,19;918550,19
2023;91;4266;72;2241;669542,53;669542,53;669159,41
2023;91;4266;73;2241;10864,43;10864,43;10864,43
2023;93;4216;72;2241;10560345,14;10559416,34;10450931,42
2023;93;4216;73;2241;415206,75;415206,75;395724,95
2023;93;4216;95;2241;287939,89;287939,89;287939,89
2023;93;4217;60;2241;1312408,99;1312408,99;1312408,99
2023;93;4217;72;2241;597310,97;597310,97;579154,87
2023;93;4217;73;2241;78314,04;78314,04;78314,04
2023;93;4218;61;2241;59851721,69;59851721,69;59851721,69
2023;93;4218;72;2241;1625662,21;1625662,21;1624513,05
2023;93;4218;73;2241;1453,38;1453,38;1453,38
2023;93;4389;31;4341;1164804,68;1164804,68;1002236,26
2023;93;4450;61;2241;5969;5969;5969
2023;95;4336;10;1501;24451150,59;24248038,35;22965114,38
2023;95;4336;60;1501;86987,19;86987,19;86987,19
2023;95;4338;10;1501;5793503,96;5789915,97;5721858,6
2023;95;4366;10;1501;10045914,87;10031473,69;10017197,5
2023;95;4385;10;1501;48253399,14;47962150,93;47150343,74
2023;96;1013;10;1081;58543,12;58543,12;58543,12
2023;96;1014;10;1081;24275818,6;20890364,86;18715979,02
2023;98;4237;72;2091;3962816,37;3900360,93;3794507,24
2023;98;4238;60;2091;1570148,82;1570148,82;1570148,82
2023;98;4238;72;2091;284487,51;284487,51;283507,47
2023;98;4240;31;2091;12616,43;11333,07;11312,07
2023;98;4240;60;2091;1440984,87;1440984,87;1440984,87
2023;98;4240;72;2091;241663;241663;241663
2023;98;4242;60;2091;359397,94;359397,94;359397,94
2023;98;4242;72;2091;79065,61;79065,61;79065,61
2023;99;2036;10;4291;3577172,88;3577172,88;3577172,88
2023;99;2057;10;4291;5848566,61;5848566,61;5848566,61
2023;99;4243;10;4291;19938984,92;19938984,92;19938984,92
2023;99;4244;10;4291;340040295,9;340040295,9;340040295,9
2023;99;4254;10;4291;360663001,8;360663001,8;360663001,8
2023;99;4263;10;4291;2038610553;2038610553;2038610553
2023;99;4290;10;4291;176573994,3;176573994,3;176573994,3
2023;100;4403;10;1071;244124,74;244124,74;242194,25
2023;100;4403;57;1071;4787105,21;4787105,21;4787105,21
2023;100;4403;60;1071;60367,59;0;0
2023;100;4431;10;2301;289,86;289,86;289,86
2023;100;4431;60;2301;37919919,02;37919919,02;37412310,07
2023;100;4431;70;2301;3305671,77;3305671,77;3305671,77
2023;100;4431;83;2301;88390673,59;88390673,59;87969534,27
2023;100;4436;53;1401;1161222,29;1117038,1;1112681,65
2023;102;4273;52;2091;0;0;0
2023;102;4273;60;2091;1596222,01;1596222,01;1596222,01
2023;102;4273;72;2091;1026352,83;1026185,13;947214,58
2023;102;4273;95;2091;681452,59;681452,59;680983,27
2023;103;4272;10;2261;47775156,37;47063534,5;46312365,97
2023;104;4241;26;2101;2030770,96;2030770,96;2030770,96
2023;104;4241;72;2101;2803286,42;2802941,02;2739853,42
2023;104;4241;95;2101;776;776;776
2023;104;4274;26;2101;9360045,24;9360045,24;9360045,24
2023;104;4274;72;2101;3543576,62;3535640,96;3482117,58
2023;104;4276;10;2101;0;0;0
2023;104;4276;26;2101;10879242,96;10879242,96;10879242,96
2023;104;4276;60;2101;0,96;0,96;0,96
2023;104;4276;61;2101;2630640,02;2630295,22;2244304,15
2023;104;4276;72;2101;2003849,21;2003849,21;2003849,21
2023;104;4276;95;2101;444867,73;444867,73;444867,73
2023;104;4277;95;2101;83406,25;83406,25;82131,25
2023;104;4280;10;2101;75075,26;75075,26;74492,52
2023;104;4280;26;2101;14468125,41;14468125,41;14468125,41
2023;104;4280;61;2101;0;0;0
2023;104;4280;72;2101;37433720,94;37082265,04;32073459,24
2023;104;4280;91;2101;0;0;0
2023;104;4280;95;2101;5732459,11;5681952,91;5681952,91
2023;104;4283;10;2101;60000;60000;60000
2023;104;4283;26;2101;2856874,7;2856874,7;2856874,7
2023;104;4283;72;2101;1352607,17;1348814,15;1270420,93
2023;104;4283;95;2101;407883,68;407883,68;407883,68
2023;104;4363;31;4341;1573300,2;1459825,72;1245225,81
2023;105;4313;10;1261;4398421,24;4398034,09;4398034,09
2023;105;4313;23;1261;91783628,17;91783628,17;91783628,17
2023;105;4314;10;1261;2454797,34;2451707,34;2451707,34
2023;105;4314;23;1261;80096152,15;80096152,15;80096152,15
2023;105;4314;36;1261;8005358;7797399,32;7682166,35
2023;105;4314;95;1261;6924996;6924996;6924996
2023;105;4315;21;1261;70150136,08;70144228,88;70144228,88
2023;105;4315;36;1261;34401056,85;34396667;34396667
2023;106;2065;10;1261;890942043,3;890942043,3;890942043,3
2023;106;2065;23;1261;4101473162;4101473162;4101473162
2023;106;4297;10;1261;493577047,9;420538961,2;419062628,6
2023;106;4297;21;1261;50597445,26;47487866,51;47194698,3
2023;106;4297;23;1261;1417310302;1417310302;1417310302
2023;106;4298;10;1261;5222466,09;5222466,09;5222466,09
2023;106;4298;21;1261;1433503,5;1316182,5;1316182,5
2023;106;4298;23;1261;119036975,4;119036975,4;119036975,4
2023;106;4299;10;1261;37933230,54;37933230,54;37933230,54
2023;106;4299;21;1261;345600;324000;324000
2023;106;4299;23;1261;867199307,1;867199307,1;867199307,1
2023;106;4300;21;1261;223726556,6;223724367,8;223724367,8
2023;106;4300;36;1261;92279902,75;92270365,55;92270365,55
2023;106;4303;10;1261;439482236,8;403863590;403863590
2023;106;4303;21;1261;1567933,2;1567933,2;1567933,2
2023;107;2066;10;1261;41973225,07;41973225,07;41973225,07
2023;107;2066;23;1261;2945686409;2945686409;2945686409
2023;107;4304;10;1261;119556138,7;113170458,2;113090431,6
2023;107;4304;21;1261;24418666,07;22859227,91;22859227,91
2023;107;4304;23;1261;724811429,9;724811429,9;724811429,9
2023;107;4305;10;1261;13064694,09;13034577,84;13034577,84
2023;107;4305;21;1261;1390617;1291358,25;1291358,25
2023;107;4305;23;1261;242722864,9;242722864,9;242722864,9
2023;107;4306;10;1261;2608064,55;2608064,55;2608064,55
2023;107;4306;21;1261;10728;9144;9144
2023;107;4306;23;1261;357158038,7;357158038,7;357158038,7
2023;107;4307;21;1261;164859659,8;164859659,8;164859659,8
2023;107;4307;36;1261;66377672,24;66376874,24;66376874,24
2023;108;4203;10;1261;636181321;633392105,3;629159078,3
2023;108;4203;21;1261;302058,56;302058,56;302058,56
2023;108;4324;10;1261;2265249,63;2265249,63;2265249,63
2023;108;4324;21;1261;250687,5;200550;200550
2023;108;4324;23;1261;89725805,57;89725805,57;89725805,57
2023;108;4324;36;1261;12952291,9;12943360,66;11923030,6
2023;108;4325;21;1261;1776695,2;1776695,2;1776695,2
2023;108;4365;10;2161;4789594,71;3780882,43;3765484,24
2023;110;2040;21;1261;9814341,41;9814341,41;9814341,41
2023;110;2061;10;1261;919559,1;919559,1;919559,1
2023;110;2062;10;1261;108428144,5;93400814,52;93191829,11
2023;110;2062;36;1261;3140986,5;3140986,5;3117224,62
2023;110;2063;21;1261;305306,29;305306,29;305306,29
2023;110;2063;24;1261;132122,35;132122,35;132122,35
2023;110;4249;10;1261;437007137,6;435054726,5;435016945
2023;110;4249;13;1261;48057353,46;48057353,46;48057353,46
2023;110;4249;21;1261;3712274,56;0;0
2023;110;4249;71;1261;349887386;349647386;349647386
2023;110;4410;10;1261;326238987,6;281665318,4;281230775,9
2023;110;4410;21;1261;45572889,06;19410772,04;17804190,83
2023;110;4410;3;1261;2381,61;2381,61;2381,61
2023;110;4410;36;1261;24555691,33;24555691,33;24350142,07
2023;110;4410;97;1261;700000;700000;700000
2023;112;2070;10;1261;2665400,09;2665400,09;2665400,09
2023;112;4326;10;1261;24659274,95;24659274,95;24659274,95
2023;112;4326;21;1261;210656,31;210656,31;210656,31
2023;112;4328;10;1261;19392500;19392500;19392500
2023;112;4332;10;1261;1655252;1655252;1655252
2023;112;4332;21;1261;328620;328620;328620
2023;112;4334;10;1261;1929299,05;1929299,05;1929299,05
2023;112;4334;21;1261;277488;277488;277488
2023;112;4397;21;1261;1579008;1579008;1579008
2023;112;4397;36;1261;790723,2;790723,2;790723,2
2023;112;4398;21;1261;636;636;636
2023;112;4398;36;1261;420,6;420,6;420,6
2023;112;4399;21;1261;1924864;1924864;1924864
2023;112;4399;36;1261;1110684,1;1110684,1;1110684,1
2023;113;1036;10;1191;561001,35;561001,35;555718,35
2023;113;4278;10;1191;8503896,24;8492354,34;8482053,01
2023;113;4278;11;1191;163350135,3;163350135,3;163350135,3
2023;113;4278;29;1191;202558,87;202558,87;185939,84
2023;113;4282;10;1191;63366012,31;63101276,18;62247596,64
2023;113;4282;11;1191;890057378,3;890057378,3;890057378,3
2023;113;4282;29;1191;6754428,1;6754428,1;5703186,06
2023;113;4312;10;1191;16497401,5;16480961,59;16406684,88
2023;115;1053;10;1191;3325910,85;3148036,9;3072764,01
2023;115;2016;10;1191;4222000;3844000;3808138,51
2023;115;2048;74;1191;4177000;4177000;4126876,04
2023;115;2051;10;1191;55942504,79;52621903,5;50174919,08
2023;115;2051;29;1191;4503302,73;4303744,46;4051410,9
2023;115;2052;10;1191;43962133,35;39582893,95;38096868,02
2023;116;1030;10;2261;11477357,63;11469296,76;11295823,63
2023;116;4288;10;2261;123589327,1;123500286,1;123372394,5
2023;116;4289;10;2261;17690702,37;17666351,13;17551393,3
2023;117;4295;59;2441;5386060,98;5385901,9;5366309,86
2023;117;4296;59;2441;4774688,16;4774688,16;4774688,16
2023;117;4433;59;2441;821727,49;821727,49;819862,88
2023;118;2058;10;1631;2922729,38;2922729,38;2813209,43
2023;118;2058;10;1711;3219498,02;3219498,02;3083799,69
2023;118;2059;10;1631;43040488,2;43033244,28;41543308,39
2023;118;2059;10;1711;25668237,5;25664817,04;24462503,47
2023;118;2060;10;1491;2615646,44;2606784,11;2597866,77
2023;118;2060;10;1631;4622253,71;4622253,71;4414900,12
2023;119;4317;29;1371;677097,38;677097,38;622320,77
2023;119;4317;31;1371;3164386,42;3164386,42;3164386,42
2023;119;4317;52;1371;886778,05;886778,05;867164,16
2023;119;4317;72;1371;17367112,58;17366998,42;17356452,27
2023;119;4317;94;1371;1452042,93;1452042,93;1443153,26
2023;119;4318;31;1371;459764,24;459764,24;459764,24
2023;119;4318;72;1371;2387431,02;2387431,02;2387431,02
2023;119;4511;72;1371;4610,94;4610,94;4610,94
2023;120;4321;10;1371;1122502,96;1122502,96;1122502,96
2023;120;4321;15;1371;6276327,33;6276327,33;6276327,33
2023;120;4321;24;1371;3945047,15;3945047,15;3787950,89
2023;120;4321;29;1371;47538,2;47538,2;47515,05
2023;120;4321;31;1371;220120,25;220120,25;220120,25
2023;120;4321;52;1371;52813,16;52813,16;52000,02
2023;120;4321;72;1371;12211751,56;7738381,01;7456294,51
2023;120;4321;94;1371;1030197,6;359197,6;341956,11
2023;120;4348;10;1371;81219,96;81219,96;81219,96
2023;120;4348;29;1371;15219,35;15219,35;15219,35
2023;120;4348;31;1371;639346,38;639346,38;639346,38
2023;120;4348;72;1371;2707593,59;2707593,59;2705558,11
2023;120;4354;29;1371;3830740,46;3830740,46;3830740,46
2023;120;4354;72;1371;269031,72;269031,72;247748,04
2023;120;4371;10;1371;12723946;12723946;12723946
2023;120;4371;29;1371;2860,14;2860,14;2860,14
2023;120;4371;72;1371;11975567,71;1156860,96;1156860,96
2023;120;4371;97;1371;1672462,26;1511970,26;1511970,26
2023;121;4329;10;1071;2276778,09;2276778,09;2263159,75
2023;122;4339;31;1371;1858300,51;1858300,51;1858300,51
2023;122;4339;72;1371;8423990,08;8423990,08;8423990,08
2023;122;4339;94;1371;34418;34418;32082
2023;122;4340;29;1371;438980,08;438980,08;420244,2
2023;122;4340;31;1371;6102383,31;6102383,31;6102383,31
2023;122;4340;52;1371;82919,64;82919,64;81214,1
2023;122;4340;72;1371;32206144,96;32204444,28;32198471,72
2023;122;4340;94;1371;458375,2;458375,2;458375,2
2023;122;4340;95;1371;329307,03;329307,03;329307,03
2023;123;4341;10;2321;9585275,97;9548795,41;9308388,39
2023;123;4341;24;2321;4197824,12;4197824,12;4197824,12
2023;123;4405;10;2321;6936510,76;6864288,08;6637345,49
2023;123;4405;57;2321;65221,11;65221,11;65221,11
2023;123;4540;10;2321;288723501,3;287576576,7;281745856,3
2023;123;4540;24;2321;1903336,34;1822213,25;1754859,97
2023;123;4540;57;2321;285851,34;285851,34;285851,34
2023;125;4019;10;2151;531,3;531,3;531,3
2023;125;4158;10;2151;2278500;2278500;2278500
2023;125;4356;10;2151;11933333,35;11933333,35;11876283,47
2023;125;4357;10;2151;7342643,18;7342643,18;7339685,19
2023;125;4361;10;2151;6784306,93;6784306,93;6344636,56
2023;126;4342;10;1231;4791283,06;4791180,15;4402218,07
2023;126;4342;24;1231;8367,08;8367,08;7965,46
2023;126;4342;95;1231;233557,87;233557,87;233557,87
2023;126;4343;10;1231;59011,44;59011,44;59011,44
2023;126;4344;10;1231;777131,44;777131,44;777131,44
2023;127;4351;10;1231;1025953,88;1025953,88;1025953,88
2023;127;4448;10;1231;21225671,08;10184720,89;10184720,89
2023;127;4448;15;1231;57620796,71;56793489,21;56793489,21
2023;127;4448;24;1231;114635,39;114635,39;114635,39
2023;127;4448;97;1231;4769789,84;1317950,65;1317950,65
2023;127;4492;10;1231;815203,91;815203,91;813541,48
2023;127;4492;15;1231;312751,33;312751,33;311589,6
2023;127;4492;24;1231;195764,8;195764,8;195764,8
2023;127;4492;60;1231;126581,4;0;0
2023;127;4494;10;1231;1861231,33;1861231,33;1704215,25
2023;127;4494;15;1231;2070000;1350000;1350000
2023;127;4512;10;1231;92713,42;92713,42;92713,42
2023;127;4512;24;1231;4701859,34;4347029,18;4123331,4
2023;129;4352;10;1231;4475,1;4475,1;4475,1
2023;129;4377;10;2371;1830902,58;1830902,58;1830902,58
2023;129;4377;91;2371;418716,31;418716,31;418366,35
2023;131;2067;10;2151;741573,56;741573,56;741573,56
2023;131;4221;10;2151;483;0;0
2023;131;4364;10;2151;1188961,63;1188961,63;1188961,63
2023;133;4370;10;2151;3583989,58;3583989,58;3580519,74
2023;133;4409;10;2151;79578,71;79578,71;79578,71
2023;133;4411;10;2151;4183094,89;4183094,89;4183094,89
2023;134;2073;60;4101;15883952,89;15883952,89;15883952,89
2023;134;4103;10;1481;3807932,4;3707943,23;3707943,23
2023;134;4103;60;1481;8905284,93;4629500;4629500
2023;134;4386;10;1481;20091,66;20091,66;20091,66
2023;134;4386;71;1481;263971,41;263971,41;263895,51
2023;135;4223;10;1231;0;0;0
2023;135;4375;10;1231;12960,94;12960,94;12960,94
2023;135;4375;71;1231;5152464;5152464;5152464
2023;136;4378;10;2151;1676666,9;1676666,9;1608341,37
2023;136;4384;10;2151;80570,28;80570,28;80570,28
2023;139;2094;57;4691;13274144,7;12192572,27;11948730,27
2023;139;4400;10;1451;163494,07;163494,07;163494,07
2023;139;4412;1;1451;0;0;0
2023;139;4412;10;1451;33166478,5;33081416,17;32330559,66
2023;139;4412;24;1451;400068;339028;339028
2023;139;4412;27;1451;3077155,46;3077155,46;3077155,46
2023;139;4413;10;1451;37524592,45;34885569,68;30103113,03
2023;139;4414;1;1451;0;0;0
2023;139;4414;10;1451;0;0;0
2023;139;4415;10;1451;11199917,69;11195381,21;10191959,99
2023;139;4415;24;1451;273000;0;0
2023;143;4418;10;1451;53027271,05;53027271,05;53027271,05
2023;143;4419;10;1451;95724141,83;95724141,83;95718017,03
2023;143;4419;27;1451;2045930,77;2045930,77;2045930,77
2023;143;4419;45;1451;215950,68;215950,68;215950,68
2023;143;4421;10;1451;181956679,2;181515352,4;180588192,2
2023;143;4421;15;1451;0;0;0
2023;143;4421;27;1451;12322884,65;12322884,65;12322884,65
2023;143;4421;95;1451;1432310,22;1408857,82;1379504,86
2023;143;4422;10;1451;20445384,95;20441149,96;20432064,78
2023;143;4422;57;1451;40388,19;40388,19;40388,19
2023;144;4416;10;1451;35240,15;35240,15;35240,15
2023;144;4416;24;1451;608522,75;608522,75;608522,75
2023;144;4417;10;1451;47184939,3;46917252,76;46200208,83
2023;144;4417;27;1451;692855,27;692855,27;692855,27
2023;145;1048;95;1451;15723193,24;15186110,1;14571091,66
2023;145;1058;1;1451;257952,44;218806,44;218806,44
2023;145;1058;10;1451;136162,76;109100;107838,8
2023;145;1058;15;1451;0;0;0
2023;145;1058;24;1451;3189759,43;951259,43;951259,43
2023;145;1058;97;1451;29024;29024;29024
2023;145;4423;10;1451;1515083349;1513388738;1507211960
2023;145;4423;24;1451;369065,16;369065,16;369065,16
2023;145;4423;27;1451;1195436284;1195436284;1195436284
2023;145;4423;57;1451;105468,04;105468,04;105468,04
2023;145;4423;60;1451;2993892,09;2977352,85;2977352,85
2023;145;4425;10;1451;14921053,96;14913396,41;13708073,3
2023;145;4425;24;1451;160378,45;0;0
2023;145;4427;10;1451;94515117,46;94515117,46;94515117,46
2023;145;4427;15;1451;131623,86;131623,86;131623,86
2023;145;4429;10;1451;135152284,6;134835117;134694959,5
2023;145;4429;24;1451;878862,6;878862,6;878862,6
2023;145;4429;57;1451;501578,21;501578,21;501578,21
2023;147;1052;10;1231;579,6;579,6;579,6
2023;147;1052;59;1231;2247082,33;2247082,33;2247082,33
2023;147;4245;10;1231;1509,9;1509,9;1509,9
2023;147;4438;10;1231;1239789,3;1239789,3;1239789,3
2023;147;4446;10;1231;5307,25;5307,25;5307,25
2023;147;4515;10;1231;718021,34;718021,34;718021,34
2023;147;4516;1;1231;18448,61;18448,61;18448,61
2023;147;4516;10;1231;1015168,58;1015168,58;1015168,58
2023;147;4516;95;1231;427115,86;427115,86;427115,86
2023;147;4516;97;1231;598243,1;598243,1;598243,1
2023;150;4349;10;4291;252232358,4;250775556,6;250580492,9
2023;150;4349;57;4291;29238,95;29238,95;29238,95
2023;150;4349;60;4291;6776000;6706000;6706000
2023;150;4349;92;4291;67792312,51;67302156,3;67271135,72
2023;150;4349;93;4291;1479144,31;1479144,31;1479144,31
2023;150;4440;10;4291;87084330,81;86207941,91;86144232,26
2023;150;4440;29;4291;3749,01;3749,01;3749,01
2023;150;4440;57;4291;1988,75;1988,75;1988,75
2023;150;4440;92;4291;5935026,45;5887841,4;5876932,39
2023;150;4440;93;4291;114077,02;114077,02;114077,02
2023;151;2074;10;1261;239453162,9;226552845,5;211829942,3
2023;151;2074;13;1261;2701,3;2701,3;2701,3
2023;151;2074;21;1261;35474934,18;34952507,33;34739110,23
2023;151;2074;23;1261;610673575,9;610673540,2;610673540,2
2023;151;2075;10;1261;11194300,13;11194300,13;11192516,24
2023;152;1060;39;4141;1446088,9;1446088,9;1417420,9
2023;152;1060;57;4141;22119473,42;21442187,4;21259271,32
2023;154;2039;10;4291;557609,69;557609,69;552538,31
2023;154;2041;10;4291;50091408,09;50091408,09;50091408,09
2023;154;2041;57;4291;43114,13;43114,13;43114,13
2023;154;2041;95;4291;1046638,12;1046638,12;1046638,12
2023;154;4437;10;4291;313353613,6;311955593,7;298277640
2023;154;4437;57;4291;158382,87;158382,87;158382,87
2023;154;4437;92;4291;1028434,59;51421,73;0
2023;154;4437;95;4291;5655801,28;5655801,28;5655801,28
2023;154;4441;10;4291;576184882,3;549252621,8;547345268
2023;154;4441;57;4291;3957,44;3957,44;3957,44
2023;154;4455;10;4291;6705563,51;6454146,48;6187731,38
2023;155;2079;10;1401;25057979,07;25057979,07;25057979,07
2023;155;2079;49;1401;589139,09;583915,09;550406,48
2023;155;2079;53;1401;121960,43;121960,43;121960,43
2023;155;2083;10;1401;0;0;0
2023;155;2083;24;1401;41976;0;0
2023;155;2083;53;1401;676781,65;516752,87;513818,52
2023;155;2083;60;1401;0;0;0
2023;155;2083;70;1401;297519,56;297519,56;297112,08
2023;155;2083;74;1401;24069;24069;22913,69
2023;155;2083;95;1401;205367,23;205173,99;205173,99
2023;155;4302;10;1401;0;0;0
2023;155;4302;60;1401;32306,51;32306,51;32306,51
2023;155;4337;10;1401;59988,21;59988,21;59497,77
2023;155;4464;10;1401;0;0;0
2023;155;4464;53;1401;5755,37;5755,37;5755,37
2023;155;4469;24;1401;0;0;0
2023;155;4469;27;1401;429,85;429,85;409,22
2023;155;4469;53;1401;0;0;0
2023;155;4469;95;1401;0;0;0
2023;155;4469;97;1401;1498;1498;1480,02
2023;155;4470;24;1401;603876,13;603876,13;601790,9
2023;155;4470;27;1401;129;129;129
2023;155;4470;53;1401;4315380,69;4309431,69;4186011,53
2023;155;4470;60;1401;1343183,83;1224425,8;1170055,51
2023;155;4470;66;1401;1519,02;1519,02;1519,02
2023;155;4470;70;1401;33675,8;33266,3;32942,71
2023;155;4471;10;1401;307404255,7;307404255,7;307404255,7
2023;155;4471;27;1401;590223,34;569631,73;569631,73
2023;155;4471;53;1401;2153483,01;2139425,11;2135969,19
2023;155;4471;70;1401;45453,47;45453,47;45272,78
2023;155;4472;1;1401;1406689,5;403339,5;399321,93
2023;155;4472;10;1401;432773525,1;432454464;432451325,8
2023;155;4472;15;1401;751057,96;441708,69;437778,96
2023;155;4472;2;1401;14999844,52;13950445,96;13783040,61
2023;155;4472;24;1401;1702235,28;1702235,28;1683574,63
2023;155;4472;27;1401;11446747,31;11370189,78;11211292,41
2023;155;4472;45;1401;42862;42862;42347,66
2023;155;4472;53;1401;10377835,83;9836699,48;9272317,43
2023;155;4472;60;1401;1187669,99;1005988,57;970535,34
2023;155;4472;66;1401;39953,92;39953,92;39953,92
2023;155;4472;70;1401;964253,79;963298,29;956564,35
2023;155;4472;95;1401;547239,87;487906,31;487906,31
2023;155;4472;97;1401;345505,7;282495,13;281619,55
2023;155;4479;10;1401;647036,42;541995,98;503225,55
2023;155;4479;15;1401;0;0;0
2023;155;4479;24;1401;0;0;0
2023;155;4479;70;1401;590920,79;318798,18;291062,73
2023;155;4479;74;1401;36009,44;36009,44;32876,62
2023;155;4479;95;1401;0;0;0
2023;155;4479;97;1401;0;0;0
2023;155;4484;10;1401;19174241,37;19174241,37;19174241,37
2023;155;4484;53;1401;325594,54;325594,54;325594,54
2023;155;4484;60;1401;5069071,97;5055240,09;4992177,56
2023;155;4484;66;1401;0;0;0
2023;155;4508;95;1401;0;0;0
2023;155;4509;95;1401;1423171,42;1366796,42;1350982,55
2023;156;4466;10;4291;170472876,6;167502268,3;166906253,5
2023;156;4466;57;4291;1988,75;1988,75;1988,75
2023;156;4466;92;4291;41659347,24;38513298,06;38249027,4
2023;156;4467;10;4291;63920246,61;62271100,96;62165347,07
2023;156;4467;93;4291;401805,25;401805,25;401805,25
2023;157;1085;10;4291;1000503,7;890737,04;838277,79
2023;157;1085;95;4291;22884834,13;22497835,56;22240214,78
2023;157;4453;10;4291;153409606,9;152462863,9;152461338,7
2023;157;4453;62;4291;3444404;3294404;3294404
2023;157;4453;63;4291;2564184;2513323;2513323
2023;157;4453;92;4291;178361,75;108551,35;107256,89
2023;157;4454;10;4291;343584992,8;343039191,4;343039191,4
2023;157;4454;37;4291;12286235,97;12286235,97;12286235,97
2023;157;4457;10;4291;1396491049;1371736489;1371735675
2023;157;4457;37;4291;60535082,47;60535082,47;60535082,47
2023;157;4457;57;4291;16626,54;16626,54;16626,54
2023;157;4457;60;4291;5950,01;0;0
2023;157;4457;62;4291;54502322;54502322;54502322
2023;157;4457;63;4291;9283200;9283200;9283200
2023;157;4459;10;4291;194518107,9;194409859;205409104,2
2023;157;4459;37;4291;108624702,7;108163889,6;108163889,6
2023;157;4459;92;4291;94279050,12;94279050,12;94279050,12
2023;157;4459;95;4291;119529,19;0;0
2023;157;4461;10;4291;260005528,6;259783122,6;259754405
2023;157;4461;57;4291;1988,75;1988,75;1988,75
2023;157;4461;92;4291;995385,44;995385,44;995385,44
2023;158;4451;10;4291;58095331,42;54975962,82;54975099,92
2023;158;4451;37;4291;1028000,5;1028000,5;1028000,5
2023;158;4451;57;4291;7118,15;7118,15;7118,15
2023;158;4451;62;4291;2126335;820618;820618
2023;158;4451;63;4291;0;0;0
2023;158;4451;92;4291;29151576,03;28749525,18;28566952,7
2023;158;4451;93;4291;1311501,41;1311501,41;1311501,41
2023;158;4452;10;4291;482486568;457516145,9;456794799,8
2023;158;4452;37;4291;34799888,93;34799888,91;34799888,91
2023;158;4452;57;4291;19575,85;19575,85;19575,85
2023;158;4452;62;4291;2797110;2743110;2743110
2023;158;4452;92;4291;467933874,8;451888242;423665836,7
2023;158;4456;10;4291;113494464,9;113463895,7;113463102,2
2023;158;4456;24;4291;250136,98;250136,98;250136,98
2023;158;4456;57;4291;2945,64;2945,64;2945,64
2023;158;4463;10;4291;402758466,1;402741765,7;402740055,4
2023;158;4463;24;4291;43125514,78;30629654,47;30629654,47
2023;158;4463;37;4291;8856895,23;8856895,23;8856251,72
2023;158;4463;57;4291;8773,93;8773,93;8773,93
2023;158;4463;62;4291;26605859;26605859;26603480,37
2023;158;4463;63;4291;7885137;7885137;7885137
2023;158;4463;92;4291;24505164,84;24505159,96;24505097,46
2023;158;4465;10;4291;33280972,99;33262891,54;33262304,82
2023;159;1061;10;4291;5968052,68;5968052,68;5962205,93
2023;159;4460;10;4291;1260900002;1260428762;1260411276
2023;159;4460;37;4291;117485,76;117485,18;117485,18
2023;159;4460;57;4291;21809,63;21809,63;21809,63
2023;159;4460;64;4291;215187,05;215187,05;215187,05
2023;159;4462;10;4291;46910026,02;46899056,82;46898858,31
2023;160;4483;10;1401;1413738,21;905746,33;901539,37
2023;160;4483;15;1401;1100;0;0
2023;160;4483;70;1401;207,1;207,1;207,1
2023;161;1054;95;1501;16816,95;16816,95;16816,95
2023;161;4480;10;1501;35992632,97;34177188;32592942,98
2023;161;4481;10;1501;27660162,36;27654980,49;26116428,9
2023;161;4481;29;1501;2357827,92;2357827,92;2293450,68
2023;161;4481;52;1501;732716,42;732716,42;732716,42
2023;161;4481;59;1501;607283,9;607283,9;607283,9
2023;161;4481;60;1501;4123855,71;4123855,71;4081525,47
2023;161;4482;10;1501;16040890,2;15991947,18;12789688,25
2023;162;4161;10;1301;0;0;0
2023;162;4161;95;1301;466195399,8;466195399,8;460601055
2023;164;4424;10;1231;656644,24;623012,24;618197,5
2023;164;4424;15;1231;250000;250000;250000
2023;164;4426;10;1231;4421881,66;4421881,66;4421881,66
2023;164;4430;10;1231;152796,49;144769,12;144349,14
2023;164;4538;10;1231;273848,76;273848,76;273848,76
2023;164;4541;10;2371;768075,69;768075,69;768075,69
2023;164;4541;91;2371;22161,71;22161,71;22150,57
2023;703;2009;10;1091;1462162902;1459089673;1436698607
2023;703;2009;60;1091;17215058,72;17215058,72;16946702,08
2023;703;2028;60;1091;9877268,99;9877268,99;9610838,28
2023;703;4493;10;1091;1191520427;1191520427;1191520427
2023;705;1074;95;1371;639991,2;639991,2;612127,37
2023;705;2009;10;1021;81555616,63;81482241,85;69313037,45
2023;705;2009;60;2361;3345050,77;3345050,77;3345050,77
2023;705;2017;10;2121;3637620,47;3637620,47;3637620,47
2023;705;2017;60;2121;43975957,56;42228987,54;38918348,98
2023;705;2018;10;2121;2812270,4;2812270,4;2812270,4
2023;705;2018;47;2121;260;260;260
2023;705;2018;60;2121;18730199,36;18724255,41;18574170,07
2023;705;2029;83;4381;13501918,58;13501918,58;13112843,54
2023;705;2038;10;4711;6976617,85;6964767,85;6372872,86
2023;705;2049;11;1911;8101472,13;8078191,65;8078191,65
2023;705;2049;71;1911;23094768,47;23094768,47;23094768,47
2023;705;2064;10;1501;23896813,88;23750527,35;23649411,53
2023;705;2064;95;1501;770715,15;770715,15;770715,15
2023;705;2121;10;1021;2677566,91;2677566,91;2592000,2
2023;705;2157;10;1021;32986601,33;32986601,33;32986601,33
2023;705;2500;10;1071;2776712,47;2762239,6;2752101,08
2023;705;2500;10;1081;44714544,77;44619917,02;44347428,12
2023;705;2500;10;1101;4448717,22;4448717,22;4389257,47
2023;705;2500;10;1191;101759816,2;101438295,5;101281668,8
2023;705;2500;10;1221;14040243,71;14040243,71;13986195,83
2023;705;2500;10;1231;22000536,67;21977558,91;21280641,9
2023;705;2500;10;1251;259484596,3;259394285,9;258522943,1
2023;705;2500;10;1271;13644799,34;13642551,05;13609712,37
2023;705;2500;10;1301;13781011,26;13773172,11;13420441,54
2023;705;2500;10;1401;1987721,68;1987721,68;1987721,68
2023;705;2500;10;1451;124104662,2;123360193,8;122414190,4
2023;705;2500;10;1481;2161029,79;2161029,79;2161029,79
2023;705;2500;10;1491;37120375,58;37098513,44;35129138,49
2023;705;2500;10;1501;25509499,06;25308096,09;25267208,71
2023;705;2500;10;1511;196220230,9;196127992,9;196039937,8
2023;705;2500;10;1521;7979597,1;7895534,48;7764539,06
2023;705;2500;10;1541;4682502,24;4679172,16;4482770,57
2023;705;2500;10;1631;8833987,28;8833597,28;8708005,06
2023;705;2500;10;1711;3579723,08;3569401,31;3560420,89
2023;705;2500;10;2061;14099169,69;14099052,59;14033769,27
2023;705;2500;10;2071;26884408,93;26881036,35;24836610,52
2023;705;2500;10;2151;22326989,05;22309981,95;21797554,5
2023;705;2500;10;2161;4442028,54;4436615,44;4396070,67
2023;705;2500;10;2171;1564864,17;1557509,16;1455127,1
2023;705;2500;10;2181;10783338,65;10783338,65;10014499,32
2023;705;2500;10;2201;7291036,66;7291036,56;6900346,5
2023;705;2500;10;2211;6901672,07;6867872,61;6460389,97
2023;705;2500;10;2261;43292960,34;43288709,09;42081095,73
2023;705;2500;10;2271;156930760,3;153664724;151173294,9
2023;705;2500;10;2281;1946672,26;1944178,04;1939784,7
2023;705;2500;10;2301;104858049,7;104836234;103570586,8
2023;705;2500;10;2311;23585525,76;23565963,37;22505576,07
2023;705;2500;10;2331;520369,5;520369,5;520369,5
2023;705;2500;10;2351;570518,28;570518,28;568371,56
2023;705;2500;10;2371;104776120;104776120;104776120
2023;705;2500;10;2421;9464920,5;9464920,5;9464920,5
2023;705;2500;10;2431;2062650,67;2062650,67;2062650,67
2023;705;2500;10;2461;879578,19;879578,19;879578,19
2023;705;2500;10;3041;874852,12;874852,12;874852,12
2023;705;2500;10;3051;18837542,15;18837542,15;18837542,15
2023;705;2500;10;3151;5571826,51;5571826,51;5571826,51
2023;705;2500;10;4291;114476102,8;110502573,7;102733452,5
2023;705;2500;26;2101;55757943,62;55757943,62;55757943,62
2023;705;2500;27;1451;16422643,94;16422643,94;16422643,94
2023;705;2500;29;1191;600882,94;600882,94;515945,7
2023;705;2500;29;1371;1272124,95;1267229,27;1240656,64
2023;705;2500;31;1371;8648404,43;8648404,43;8648404,43
2023;705;2500;32;2461;18315,19;16909,73;16878,43
2023;705;2500;45;2171;145074,4;145057,18;143903,35
2023;705;2500;47;1231;12565,08;12565,08;12565,08
2023;705;2500;47;2181;7356;7356;7356
2023;705;2500;47;2301;2710418,2;2543338,2;2516844,79
2023;705;2500;47;2371;1362157;1362157;1282155,98
2023;705;2500;47;2431;5416;5416;5416
2023;705;2500;49;2011;30568327,13;30568327,13;30568327,13
2023;705;2500;50;2011;39913835,57;39904595,37;38975350,39
2023;705;2500;52;1371;399823,59;399823,59;396882,03
2023;705;2500;53;1401;1657,84;1657,84;1657,84
2023;705;2500;57;1451;2270;2270;2270
2023;705;2500;57;2261;6138,29;6138,29;6138,29
2023;705;2500;57;2271;17774,91;17774,91;17774,91
2023;705;2500;57;4291;70657342,75;55327834,07;55327834,07
2023;705;2500;59;2441;5715940,89;5715940,89;5611412,75
2023;705;2500;60;1251;250882,3;250882,3;248420,81
2023;705;2500;60;2041;1030524,55;1030524,55;1027705,57
2023;705;2500;60;2061;327180,61;327180,61;323857,34
2023;705;2500;60;2091;15008292,8;15008292,8;15008292,8
2023;705;2500;60;2171;169515,22;156385,22;156359,5
2023;705;2500;60;2181;2709476,22;2709476,22;2467975,36
2023;705;2500;60;2201;3982,1;3982,1;3970,08
2023;705;2500;60;2211;1009926,67;732310,38;636681,12
2023;705;2500;60;2241;10608570,29;10608570,29;10608570,29
2023;705;2500;60;2251;4093513,87;4093513,87;4077177,05
2023;705;2500;60;2301;5316528,61;5316528,61;4495568,29
2023;705;2500;60;2371;4995440,68;4980599,19;4579960,99
2023;705;2500;60;2431;452239,65;452239,65;396334,74
2023;705;2500;60;3041;694080,91;694080,91;694080,91
2023;705;2500;60;3051;4339328,72;4339328,72;4339328,72
2023;705;2500;60;3151;268370,46;268370,46;268370,46
2023;705;2500;60;4291;6216000;6216000;6216000
2023;705;2500;67;3041;219680,86;219680,86;219680,86
2023;705;2500;68;2271;1091981,4;1091981,4;1068785,26
2023;705;2500;71;1231;404993,75;404993,75;404993,75
2023;705;2500;71;1481;28376043,89;28373023,03;27874813,09
2023;705;2500;71;2421;3946936,3;3751901,84;3324971,97
2023;705;2500;72;1371;55391145,84;55318304,4;53775757,42
2023;705;2500;72;2091;10213850,01;10047320,13;9926776,83
2023;705;2500;72;2101;39719076,8;39688484,41;38753574,64
2023;705;2500;72;2241;4269731,47;4269731,47;4157268,91
2023;705;2500;73;2241;103163,2;103163,2;101957,16
2023;705;2500;73;2331;8531867,84;8290590;7630086,46
2023;705;2500;74;1191;8197685,23;8197685,23;8185558,34
2023;705;2500;9;1081;149967,22;148549,22;147141,26
2023;705;2500;9;1371;0;0;0
2023;705;2500;9;2201;25875;25875;25875
2023;705;2500;91;2301;241693,87;241693,87;241546,87
2023;705;2500;91;2371;31117975,24;31117013,12;31016451,02
2023;705;2500;92;4291;552234,88;552234,88;552234,88
2023;705;2500;93;4291;581017,9;581017,9;581017,9
2023;705;2500;94;1371;620498,9;620498,9;602506,62
2023;705;2500;95;1481;221525,08;221525,08;221525,08
2023;705;2500;95;2201;61514,27;61514,27;61514,27
2023;705;2500;95;4291;3623167,61;3623167,61;3623167,61
2023;705;7002;10;2121;706285482,7;706285482,7;539070208,8
2023;705;7002;78;2121;1188366272;1188366272;905020830,8
2023;705;7003;10;1916;1379645434;1379645434;1379645434
2023;705;7004;10;2011;112832752,1;112832752,1;109914403,5
2023;705;7004;10;2061;1903053,63;1903053,63;1826347,29
2023;705;7004;10;2161;6218,45;6218,45;6218,45
2023;705;7004;10;2181;308649,1;308649,1;279249,94
2023;705;7004;10;2201;3548403,74;3548403,74;3142822,01
2023;705;7004;10;2211;67730,67;67730,67;67730,67
2023;705;7004;10;2281;1237,13;1237,13;1237,13
2023;705;7004;10;2301;34858304,71;6975356,45;5887922,17
2023;705;7004;10;2351;6394345,44;6392031,47;6153536,34
2023;705;7004;10;2421;41181,94;41181,94;41181,94
2023;705;7004;10;3051;266643,34;266643,34;266643,34
2023;705;7004;10;3151;589750,29;589750,29;589750,29
2023;705;7004;60;2011;10041571,72;10034629,24;9655942,94
2023;705;7004;60;2041;3000;3000;3000
2023;705;7004;60;2071;368880,59;368880,59;337133,77
2023;705;7004;60;2091;1649113,96;1649113,96;1493058,26
2023;705;7004;60;2101;5206173,54;5205654,7;5036311,86
2023;705;7004;60;2121;55628988,75;55626184,87;52607041,31
2023;705;7004;60;2151;28419,71;28419,71;28419,71
2023;705;7004;60;2241;265247,47;265247,47;255596,9
2023;705;7004;60;2251;1494276,57;1374088,02;1326681,54
2023;705;7004;60;2261;4934753,89;4934726,6;4753870,61
2023;705;7004;60;2271;34343267,11;33816682,29;31640791,3
2023;705;7004;60;2311;7708605,33;7708605,33;7558427
2023;705;7004;60;2321;8549165,87;8479900,53;7927919,31
2023;705;7004;60;2351;492328,61;492328,61;461309,53
2023;705;7004;60;4551;1610400,97;1598305,08;1587797,62
2023;705;7004;61;4711;1283016,96;1283016,96;1275484,54
2023;705;7004;73;2331;139587,78;139587,78;139587,78
2023;705;7004;91;2371;2578794,1;2571797,87;2405237,98
2023;705;7006;10;1011;300075433,9;300075433,9;300075433,9
2023;705;7006;10;1021;180497750,5;180497750,5;180497750,5
2023;705;7006;10;1031;588717433;588717433;588717433
2023;705;7006;10;1051;14998000;14998000;14998000
2023;705;7006;10;1091;159345166,5;159345166,5;159345166,5
2023;705;7006;10;1441;6390429,96;6390429,96;6390429,96
2023;705;7006;42;1011;104116246,4;104116246,4;104116246,4
2023;705;7006;42;1021;89936890,19;89936890,19;89936890,19
2023;705;7006;42;1031;924468802,2;924468802,2;924468802,2
2023;705;7006;42;1051;6972088,91;6972088,91;6972088,91
2023;705;7006;42;1091;332344251,9;332344251,9;332344251,9
2023;705;7006;42;1441;73337590,58;73337590,58;73337590,58
2023;705;7006;43;1011;136034530,7;136034530,7;136034530,7
2023;705;7006;43;1021;92566843,8;92566843,8;92566843,8
2023;705;7006;43;1031;696739985,2;696739985,2;696739985,2
2023;705;7006;43;1051;5703034,45;5703034,45;5703034,45
2023;705;7006;43;1091;222861808;222861808;222861808
2023;705;7006;43;1441;53934620,15;53934620,15;53934620,15
2023;705;7007;10;1051;2606000;2606000;2606000
2023;705;7007;10;1251;7327835048;7327835048;7327835048
2023;705;7007;10;1401;619992698;619992698;619992698
2023;705;7007;78;1251;255000000;255000000;255000000
2023;705;7008;10;4711;20553445,15;20553445,15;20553445,15
2023;705;7008;42;4711;2422839187;2422839187;2422839187
2023;705;7010;10;1251;20066193,86;20066193,86;20066193,86
2023;705;7010;10;1401;587888,38;587888,38;587888,38
2023;705;7010;10;1511;3223744,1;3012488,5;3012488,5
2023;705;7012;10;4711;1051771,42;1051771,42;1051771,42
2023;705;7013;83;4381;12150213,16;12150213,16;12150213,16
2023;705;7014;10;4711;57604851,36;57604851,36;57604851,36
2023;705;7016;10;4711;39325949,2;39325949,2;39325949,2
2023;705;7017;10;4711;3883668,89;3883668,89;3883668,89
2023;705;7018;10;4711;78869703,61;78869703,61;78869703,61
2023;705;7022;42;4711;422481,79;422481,79;422481,79
2023;705;7022;43;4711;625268,51;625268,51;625268,51
2023;705;7022;60;4711;11557,24;11557,24;11557,24
2023;705;7023;10;4711;30492450,79;30492450,79;30492450,79
2023;705;7023;60;4711;47017959,55;47017959,55;47017959,55
2023;705;7024;10;1941;26945945,08;26945945,08;26945945,08
2023;705;7030;10;1916;206208137;206208137;206208137
2023;705;7030;15;1916;189502164;189502164;189502164
2023;705;7037;10;4711;5464089,23;5464089,23;5464089,23
2023;705;7037;43;4711;1253747314;1253747314;1253747314
2023;705;7043;10;1916;68781777,62;68781777,62;68781777,62
2023;705;7044;10;4711;1601301,44;1601301,44;1601301,44
2023;705;7046;10;4711;36693661,64;36693661,64;36693661,64
2023;705;7047;10;4711;8824752,57;8824752,57;8824752,57
2023;705;7048;10;4711;1741973501;1741973501;1741973501
2023;705;7049;10;4711;111571027,6;111571027,6;111571027,6
2023;705;7051;10;4711;65366246,69;65366246,69;65366246,69
2023;705;7052;10;4711;42978559,23;42978559,23;42978559,23
2023;705;7055;10;4711;106510,56;106510,56;106510,56
2023;705;7056;10;4711;27501421,68;27501421,68;27501421,68
2023;705;7058;10;4711;23609032,5;23609032,5;23609032,5
2023;705;7059;10;4711;12546064,97;12546064,97;12546064,97
2023;705;7060;10;4711;23263031,61;23263031,61;23263031,61
2023;705;7061;10;4711;4291016,97;4291016,97;4291016,97
2023;705;7063;10;4711;1042750,48;1042750,48;1042750,48
2023;705;7064;10;4711;19629470,5;19629470,5;19629470,5
2023;705;7088;10;4711;48170975,06;48170975,06;48170975,06
2023;705;7089;10;4711;1925755,51;1925755,51;1925755,51
2023;705;7091;10;4711;2926490,4;2926490,4;2926490,4
2023;705;7094;10;4711;98648,81;98648,81;98648,81
2023;705;7096;10;4711;6803472,72;6803472,72;6803472,72
2023;705;7104;10;4711;4065015,05;4065015,05;4065015,05
2023;705;7205;10;4711;305710825,2;305710825,2;305710825,2
2023;705;7208;60;2361;55747966,85;55747966,85;55747966,85
2023;705;7209;60;4711;28453715,96;28453715,96;28453715,96
2023;705;7225;60;4711;294904809,1;294904809,1;294904809,1
2023;705;7312;60;4711;20821765,72;20821765,72;20821765,72
2023;705;7428;42;4711;6837238,58;6837238,58;6837238,58
2023;705;7428;43;4711;2887013,33;2887013,33;2887013,33
2023;705;7428;52;4711;4428814,32;4428814,32;4428814,32
2023;705;7441;10;1941;169236209,2;169236209,2;169236209,2
2023;705;7473;10;4711;28873450,02;28873450,02;28873450,02
2023;705;7484;10;4711;3335212,21;3335212,21;3335212,21
2023;705;7529;42;4711;3222384,69;3222384,69;3222384,69
2023;705;7529;43;4711;964974,81;964974,81;964974,81
2023;705;7529;60;4711;3458783,32;3458783,32;3458783,32
2023;705;7586;10;4711;1086390,52;1086390,52;1086390,52
2023;705;7617;42;4711;281220,57;281220,57;281220,57
2023;705;7617;43;4711;116229,76;116229,76;116229,76
2023;705;7617;60;4711;1716364,54;1716364,54;1716364,54
2023;705;7658;10;1916;63846176,76;37379553,5;37379553,5
2023;705;7663;10;1911;724275466,7;724275466,7;724275466,7
2023;705;7663;11;1911;0;0;0
2023;705;7700;10;1915;0;0;0
2023;705;7722;10;4711;23614217;23614217;23614217
2023;705;7725;10;4711;202255118,9;202255118,9;202255118,9
2023;705;7734;10;1915;3614000;3614000;3614000
2023;705;7752;61;1915;33503,2;33503,2;33503,2
2023;705;7803;10;1081;772417088,7;669310216,3;621408987,4
2023;705;7840;42;4711;1347209,39;1347209,39;1347209,39
2023;705;7840;43;4711;556898,73;556898,73;556898,73
2023;705;7840;60;4711;1020734,13;1020734,13;1020734,13
2023;705;7862;82;1911;9967702,84;9967702,84;9967702,84
2023;705;7886;10;1916;2243439196;2111470193;2111470193
2023;705;7939;10;4711;2281125,21;2281125,21;2281125,21
2023;705;7957;10;4711;2159110798;2159110798;2159110798
2023;705;7957;15;4711;3294815475;3294815475;3294815475
2023;705;7957;42;4711;2296302181;2296302181;2296302181
2023;705;7957;43;4711;843000000;843000000;843000000
2023;705;7957;61;4711;78500000;78500000;78500000
2023;705;7957;96;4711;568393374,5;568393374,5;568393374,5
2023;705;7959;10;4711;372588711,5;372588711,5;372588711,5
2023;706;2025;60;4031;14572356,58;14572356,58;14065073,87
2023;706;2025;77;4031;102872211,3;102872211,3;98466548,46
2023;706;2053;10;1031;1277719940;1277719940;1277719940
2023;706;2054;10;1031;5064361282;5064361282;5064361282
2023;706;2055;60;4031;98097088;98097088;98097088
2023;706;2091;60;4031;83329059,1;83329059,1;83059974,85
2023;706;2091;77;4031;310835172;309487901,2;298080056,6
2023;706;2109;60;4031;257290,39;257290,39;257290,39
2023;706;2109;77;4031;4262741,12;4260852,63;4197275,65
2023;706;4395;24;4031;37144;37144;37144
2023;706;4395;60;4031;247044116,1;246710128;203731073,4
2023;706;4395;61;4031;35408824;35408824;35408824
2023;706;4395;70;4031;383607,47;383607,47;383607,47
2023;706;4395;77;4031;798264857,3;793905864;704881056,2
2023;711;1092;10;1081;5304667,94;5304667,94;5006669,64
2023;711;4259;10;1081;310162782;309774927,8;308908561,7
2023;711;4259;60;1081;29310,71;29310,71;29310,71
2023;711;4391;95;1081;3109660,54;3109660,54;3057341,98
2023;714;1064;10;1091;2275801,41;2275801,41;2251284,15
2023;726;2068;10;1441;264195,18;264195,18;262074,82
2023;726;4150;10;1441;106424565,8;106399902,4;99452734,37
2023;726;4193;10;1441;583148795,1;583148795,1;583148795,1
2023;729;4239;10;1011;1312147829;1312145128;1299613608
2023;729;4239;60;1011;21920438;21920438;21920438
2023;734;2047;10;1051;4868000;4868000;4868000
2023;734;2047;60;1051;761355,2;761355,2;761355,2
2023;734;2077;10;1051;16690000;16690000;16690000
2023;734;2078;10;1051;39085561;39085561;39085561
2023;734;4003;60;1051;278212,57;278212,57;270528,27
2023;734;4355;10;1051;8249906,19;8048788,95;7114952,1
2023;734;4355;60;1051;4653,72;4653,72;4653,72
2023;737;1009;60;4441;18233630,68;18167804,55;17916399,77
2023;738;4256;60;4451;16775518,72;16555271,9;15704634,58
2023;746;4445;10;1021;529077931,8;529077931,8;529047803,1
2023;760;2145;10;1021;1888430,18;1888430,18;1853627,79
2023;765;4084;60;4121;8669954,34;8669954,34;7633039,44
2023;766;2113;60;2361;1384325,49;1384325,49;1384325,49
